autor,assuntoGeral,n
Deputado AndrÃ© QuintÃ£o,(LGBT),10
Deputado Coronel Sandro,(LGBT),10
Deputado Sargento Rodrigues,(LGBT),10
Governador Fernando Damata Pimentel,AdministraÃ§Ã£o Estadual,62
Deputado AntÃ´nio Jorge,AdministraÃ§Ã£o Estadual,32
Deputado MissionÃ¡rio Marcio Santiago,AdministraÃ§Ã£o Estadual,32
Deputado Alencar da Silveira Jr.,AdministraÃ§Ã£o Estadual,20
Deputado Cleitinho Azevedo,AdministraÃ§Ã£o Estadual,20
Deputado Agostinho Patrus,AdministraÃ§Ã£o Estadual,12
Deputado Bruno Engler,AdministraÃ§Ã£o Estadual,12
Deputado JoÃ£o VÃ­tor Xavier,AdministraÃ§Ã£o Estadual,12
Deputado Sargento Rodrigues,AdministraÃ§Ã£o Estadual,12
Deputada Ana Paula Siqueira,AdministraÃ§Ã£o Estadual,10
Deputada Beatriz Cerqueira,AdministraÃ§Ã£o Estadual,10
Deputado Doutor Jean Freire,AdministraÃ§Ã£o Estadual,10
Deputado Professor Cleiton,AdministraÃ§Ã£o Estadual,10
Deputado Roberto Andrade,AdministraÃ§Ã£o Estadual,9
Deputado Fred Costa,AdministraÃ§Ã£o Municipal,32
Deputada Leninha,AdministraÃ§Ã£o Municipal,12
Deputado Gil Pereira,AdministraÃ§Ã£o Municipal,10
Deputado Raul BelÃ©m,AdministraÃ§Ã£o PÃºblica,12
Deputado Charles Santos,AdministraÃ§Ã£o PÃºblica,10
Deputado BonifÃ¡cio MourÃ£o,AdministraÃ§Ã£o PÃºblica,9
Governador Fernando Damata Pimentel,AdministraÃ§Ã£o PÃºblica,9
Deputado CÃ¡ssio Soares,AdministraÃ§Ã£o PÃºblica,6
Deputado Tiago Ulisses,AdministraÃ§Ã£o PÃºblica,6
DEPUTADO LEONARDO MOREIRA,ADMINISTRAÃ‡ÃƒO ESTADUAL,53
DEPUTADO DÃ‰LIO MALHEIROS,ADMINISTRAÃ‡ÃƒO ESTADUAL,40
DEPUTADO ROGÃ‰RIO CORREIA,ADMINISTRAÃ‡ÃƒO ESTADUAL,37
GOVERNADOR AÃ‰CIO NEVES,ADMINISTRAÃ‡ÃƒO ESTADUAL,37
DEPUTADO SÃVIO SOUZA CRUZ,ADMINISTRAÃ‡ÃƒO ESTADUAL,28
DEPUTADO SEBASTIÃƒO NAVARRO VIEIRA,ADMINISTRAÃ‡ÃƒO ESTADUAL,19
GOVERNADOR EDUARDO AZEREDO,ADMINISTRAÃ‡ÃƒO ESTADUAL,15
DEPUTADO MARCOS HELÃŠNIO,ADMINISTRAÃ‡ÃƒO ESTADUAL,14
DEPUTADO CARLOS GOMES,ADMINISTRAÃ‡ÃƒO ESTADUAL,12
DEPUTADO MIGUEL MARTINI,ADMINISTRAÃ‡ÃƒO ESTADUAL,12
DEPUTADO WALTER TOSTA,ADMINISTRAÃ‡ÃƒO ESTADUAL,12
DEPUTADO DURVAL Ã‚NGELO,ADMINISTRAÃ‡ÃƒO ESTADUAL,11
DEPUTADO INÃCIO FRANCO,ADMINISTRAÃ‡ÃƒO ESTADUAL,11
DEPUTADO JUAREZ TÃVORA,ADMINISTRAÃ‡ÃƒO ESTADUAL,11
DEPUTADO AGOSTINHO PATRUS FILHO,ADMINISTRAÃ‡ÃƒO ESTADUAL,10
DEPUTADO ANTÃ”NIO CARLOS PEREIRA,ADMINISTRAÃ‡ÃƒO ESTADUAL,10
DEPUTADO SEBASTIÃƒO COSTA,ADMINISTRAÃ‡ÃƒO ESTADUAL,10
GOVERNADOR ANTONIO AUGUSTO JUNHO ANASTASIA,ADMINISTRAÃ‡ÃƒO MUNICIPAL,28
DEPUTADO DALMO RIBEIRO SILVA,ADMINISTRAÃ‡ÃƒO MUNICIPAL,10
DEPUTADA LIZA PRADO,ADMINISTRAÃ‡ÃƒO MUNICIPAL,9
DEPUTADO WANDERLEY ÃVILA,ADMINISTRAÃ‡ÃƒO MUNICIPAL,8
DEPUTADO DINIS PINHEIRO,ADMINISTRAÃ‡ÃƒO MUNICIPAL,7
GOVERNADOR EDUARDO AZEREDO,ADMINISTRAÃ‡ÃƒO MUNICIPAL,7
DEPUTADO JOSÃ‰ BONIFÃCIO,ADMINISTRAÃ‡ÃƒO MUNICIPAL,5
GOVERNADOR AÃ‰CIO NEVES,ADVOCACIA-GERAL DO ESTADO DE MINAS GERAIS (AGE),10
GOVERNADOR ALBERTO PINTO COELHO JÃšNIOR,ADVOCACIA-GERAL DO ESTADO DE MINAS GERAIS (AGE),9
Deputado JoÃ£o Alberto,AgropecuÃ¡ria,32
Governador Fernando Damata Pimentel,AgropecuÃ¡ria,24
Deputado Carlos Pimenta,AgropecuÃ¡ria,10
Deputado Cleitinho Azevedo,AgropecuÃ¡ria,10
Deputado Coronel Henrique,AgropecuÃ¡ria,10
Deputado Alencar da Silveira Jr.,AgropecuÃ¡ria,9
Deputado Anselmo JosÃ© Domingos,AgropecuÃ¡ria,9
Deputado Ulysses Gomes,AgropecuÃ¡ria,6
DEPUTADO LEONARDO MOREIRA,AGROPECUÃRIA,41
DEPUTADO GIL PEREIRA,AGROPECUÃRIA,33
DEPUTADO PADRE JOÃƒO,AGROPECUÃRIA,27
DEPUTADA ANA MARIA RESENDE,AGROPECUÃRIA,14
DEPUTADO RICARDO DUARTE,AGROPECUÃRIA,14
GOVERNADOR AÃ‰CIO NEVES,AGROPECUÃRIA,14
DEPUTADO FABIANO TOLENTINO,AGROPECUÃRIA,11
DEPUTADO ANSELMO JOSÃ‰ DOMINGOS,AGROPECUÃRIA,9
DEPUTADO ANTÃ”NIO ANDRADE,AGROPECUÃRIA,9
DEPUTADO ANDERSON ADAUTO,AGROPECUÃRIA,8
DEPUTADO BENÃ‰ GUEDES,AGROPECUÃRIA,8
COMISSÃƒO ESPECIAL,AGROPECUÃRIA,7
DEPUTADO MARCOS HELÃŠNIO,AGROPECUÃRIA,7
DEPUTADO AGOSTINHO PATRÃšS,AGROPECUÃRIA,6
DEPUTADO ALBERTO BEJANI,AGROPECUÃRIA,6
DEPUTADO DURVAL Ã‚NGELO,AGROPECUÃRIA,6
DEPUTADO PAULO PIAU,AGROPECUÃRIA,6
DEPUTADO ROBERTO AMARAL,AGROPECUÃRIA,6
DEPUTADO ROBERTO CARVALHO,AGROPECUÃRIA,6
GOVERNADOR EDUARDO AZEREDO,AGROPECUÃRIA,6
GOVERNADOR HÃ‰LIO GARCIA,AGROPECUÃRIA,6
Deputado Douglas Melo,AlimentaÃ§Ã£o,32
Deputado Doutor Jean Freire,AlimentaÃ§Ã£o,20
Deputado Coronel Henrique,AlimentaÃ§Ã£o,12
Deputada Ana Paula Siqueira,AlimentaÃ§Ã£o,10
Deputada Ione Pinheiro,AlimentaÃ§Ã£o,10
Deputado Antonio Carlos Arantes,AlimentaÃ§Ã£o,10
Deputado Luiz Humberto Carneiro,AlimentaÃ§Ã£o,10
Deputado Cristiano Silveira,AlimentaÃ§Ã£o,9
DEPUTADO LEONARDO MOREIRA,ALIMENTAÃ‡ÃƒO,32
DEPUTADA LIZA PRADO,ALIMENTAÃ‡ÃƒO,18
DEPUTADO ELISMAR PRADO,ALIMENTAÃ‡ÃƒO,9
GOVERNADOR ANTONIO AUGUSTO JUNHO ANASTASIA,ALIMENTAÃ‡ÃƒO,9
GOVERNADOR ITAMAR FRANCO,ALIMENTAÃ‡ÃƒO,6
Deputado Cristiano Silveira,Artesanato,18
BANCADA DO PMDB,ARTESANATO,14
Mesa da Assembleia,Assembleia Legislativa do Estado de Minas Gerais (ALMG),16
Deputado Felipe AttiÃª,Assembleia Legislativa do Estado de Minas Gerais (ALMG),9
Deputado JoÃ£o Leite,Assembleia Legislativa do Estado de Minas Gerais (ALMG),9
MESA DA ASSEMBLEIA,ASSEMBLEIA LEGISLATIVA DO ESTADO DE MINAS GERAIS (ALMG),38
DEPUTADO ROGÃ‰RIO CORREIA,ASSEMBLEIA LEGISLATIVA DO ESTADO DE MINAS GERAIS (ALMG),28
DEPUTADO SÃVIO SOUZA CRUZ,ASSEMBLEIA LEGISLATIVA DO ESTADO DE MINAS GERAIS (ALMG),28
MESA DA ASSEMBLÃ‰IA,ASSEMBLEIA LEGISLATIVA DO ESTADO DE MINAS GERAIS (ALMG),19
DEPUTADO LUIZ HUMBERTO CARNEIRO,ASSEMBLEIA LEGISLATIVA DO ESTADO DE MINAS GERAIS (ALMG),9
DEPUTADO HELY TARQÃœÃNIO,ASSEMBLEIA LEGISLATIVA DO ESTADO DE MINAS GERAIS (ALMG),7
DEPUTADO CHICO RAFAEL,ASSEMBLEIA LEGISLATIVA DO ESTADO DE MINAS GERAIS (ALMG),6
DEPUTADO MÃRCIO CUNHA,ASSEMBLEIA LEGISLATIVA DO ESTADO DE MINAS GERAIS (ALMG),6
DEPUTADO JOSÃ‰ BONIFÃCIO,ASSEMBLEIA LEGISLATIVA DO ESTADO DE MINAS GERAIS (ALMG),5
Deputado Cleitinho Azevedo,AssistÃªncia Social,40
Deputado Cristiano Silveira,AssistÃªncia Social,32
Deputado Gil Pereira,AssistÃªncia Social,32
Deputado Doutor Jean Freire,AssistÃªncia Social,22
Deputada RosÃ¢ngela Reis,AssistÃªncia Social,12
Deputada Ione Pinheiro,AssistÃªncia Social,10
Deputado Carlos Henrique,AssistÃªncia Social,10
Deputado Celinho Sintrocel,AssistÃªncia Social,10
Deputada MarÃ­lia Campos,AssistÃªncia Social,9
Deputado AntÃ´nio Jorge,AssistÃªncia Social,9
ComissÃ£o Direitos Humanos,AssistÃªncia Social,6
DEPUTADO ARNALDO PENNA,ASSISTÃŠNCIA JUDICIÃRIA GRATUITA,7
COMISSÃƒO PARTICIPAÃ‡ÃƒO POPULAR,ASSISTÃŠNCIA SOCIAL,46
DEPUTADO LEONARDO MOREIRA,ASSISTÃŠNCIA SOCIAL,34
DEPUTADO FRED COSTA,ASSISTÃŠNCIA SOCIAL,32
GOVERNADOR ANTONIO AUGUSTO JUNHO ANASTASIA,ASSISTÃŠNCIA SOCIAL,28
DEPUTADO ANDRÃ‰ QUINTÃƒO,ASSISTÃŠNCIA SOCIAL,23
DEPUTADO GILBERTO ABRAMO,ASSISTÃŠNCIA SOCIAL,21
DEPUTADO ROGÃ‰RIO CORREIA,ASSISTÃŠNCIA SOCIAL,18
DEPUTADA LÃšCIA PACÃFICO,ASSISTÃŠNCIA SOCIAL,16
DEPUTADO JOÃƒO LEITE,ASSISTÃŠNCIA SOCIAL,16
DEPUTADO JOÃƒO BITTAR,ASSISTÃŠNCIA SOCIAL,14
DEPUTADO MAURO LOBO,ASSISTÃŠNCIA SOCIAL,14
DEPUTADA MARIA JOSÃ‰ HAUEISEN,ASSISTÃŠNCIA SOCIAL,12
DEPUTADO ADELMO CARNEIRO LEÃƒO,ASSISTÃŠNCIA SOCIAL,12
DEPUTADO CABO JÃšLIO,ASSISTÃŠNCIA SOCIAL,11
DEPUTADO AGOSTINHO PATRUS FILHO,ASSISTÃŠNCIA SOCIAL,10
Deputado Doutor Jean Freire,AuxÃ­lio Financeiro,10
DEPUTADO ANDERSON ADAUTO,BANCO DE CRÃ‰DITO REAL DE MINAS GERAIS S/A (CREDIREAL),8
DEPUTADO ANDERSON ADAUTO,BANCO DO ESTADO DE MINAS GERAIS S/A (BEMGE),8
DEPUTADO PÃ‰RICLES FERREIRA,BANCO DO ESTADO DE MINAS GERAIS S/A (BEMGE),6
GOVERNADOR HÃ‰LIO GARCIA,BANCO DO ESTADO DE MINAS GERAIS S/A (BEMGE),5
Deputado Celinho do Sinttrocel,Barragem de Rejeitos,32
Deputado Felipe AttiÃª,Barragem de Rejeitos,32
Deputado Fred Costa,Barragem de Rejeitos,32
Deputado Iran Barbosa,Barragem de Rejeitos,32
Deputado Luiz Humberto Carneiro,Barragem de Rejeitos,32
Deputado RogÃ©rio Correia,Barragem de Rejeitos,32
Deputada Beatriz Cerqueira,Barragem de Rejeitos,10
Deputado Gil Pereira,Barragem HÃ­drica,32
Deputada Beatriz Cerqueira,Barragem HÃ­drica,10
Deputado Luiz Humberto Carneiro,Barragem HÃ­drica,6
GOVERNADOR HÃ‰LIO GARCIA,BENEFÃCIO PESSOAL,22
DEPUTADO DALMO RIBEIRO SILVA,BIBLIOTECA PÃšBLICA ESTADUAL DE MINAS GERAIS,6
Deputado Bruno Engler,Calamidade PÃºblica,20
Deputado Cleitinho Azevedo,Calamidade PÃºblica,20
Deputado Coronel Henrique,Calamidade PÃºblica,20
Deputada Ana Paula Siqueira,Calamidade PÃºblica,10
Deputada Delegada Sheila,Calamidade PÃºblica,10
Deputada Laura Serrano,Calamidade PÃºblica,10
Deputado Antonio Carlos Arantes,Calamidade PÃºblica,10
Deputado BartÃ´,Calamidade PÃºblica,10
Deputado Betinho Pinto Coelho,Calamidade PÃºblica,10
Deputado Doutor Jean Freire,Calamidade PÃºblica,10
Deputado Gil Pereira,Calamidade PÃºblica,10
Deputado Guilherme da Cunha,Calamidade PÃºblica,10
Deputado JoÃ£o Leite,Calamidade PÃºblica,10
Deputado LÃ©o Portela,Calamidade PÃºblica,10
Deputado Leandro Genaro,Calamidade PÃºblica,10
Deputado Professor Wendel Mesquita,Calamidade PÃºblica,10
Deputado Raul BelÃ©m,Calamidade PÃºblica,10
Deputado Sargento Rodrigues,Calamidade PÃºblica,10
Deputado Tadeu Martins Leite,Calamidade PÃºblica,10
Deputado ZÃ© Reis,Calamidade PÃºblica,10
Deputado Celinho do Sinttrocel,CalendÃ¡rio,32
Deputado Fred Costa,CalendÃ¡rio,32
Deputado Paulo Lamac,CalendÃ¡rio,32
Deputado LÃ©o Portela,CalendÃ¡rio,14
Deputado BetÃ£o,CalendÃ¡rio,12
Deputada Beatriz Cerqueira,CalendÃ¡rio,10
Deputado Cleitinho Azevedo,CalendÃ¡rio,10
Deputado JoÃ£o Leite,CalendÃ¡rio,10
Deputado AntÃ´nio Jorge,CalendÃ¡rio,8
Deputado AntÃ´nio Lerin,CalendÃ¡rio,8
Deputado Douglas Melo,CalendÃ¡rio,8
Deputado Doutor Jean Freire,CalendÃ¡rio,8
Deputado Wander Borges,CalendÃ¡rio,8
Deputada Geisa Teixeira,CalendÃ¡rio,6
Deputado Noraldino JÃºnior,CalendÃ¡rio,6
Governador do Estado,CalendÃ¡rio,6
DEPUTADO ROGÃ‰RIO CORREIA,CALENDÃRIO,70
DEPUTADO FRED COSTA,CALENDÃRIO,59
DEPUTADO SÃVIO SOUZA CRUZ,CALENDÃRIO,28
DEPUTADA ELAINE MATOZINHOS,CALENDÃRIO,16
DEPUTADA JÃ” MORAES,CALENDÃRIO,14
DEPUTADO ADALCLEVER LOPES,CALENDÃRIO,14
DEPUTADO MAURO LOBO,CALENDÃRIO,14
DEPUTADO GERALDO REZENDE,CALENDÃRIO,13
DEPUTADO ANSELMO JOSÃ‰ DOMINGOS,CALENDÃRIO,11
DEPUTADO INÃCIO FRANCO,CALENDÃRIO,11
DEPUTADA ELISA COSTA,CALENDÃRIO,10
DEPUTADO DURVAL Ã‚NGELO,CALENDÃRIO,10
DEPUTADO SARGENTO RODRIGUES,CALENDÃRIO,10
DEPUTADA MARIA TEREZA LARA,CALENDÃRIO,9
GOVERNADOR ANTONIO AUGUSTO JUNHO ANASTASIA,CALENDÃRIO,9
DEPUTADA ANA MARIA RESENDE,CARTÃ“RIO,20
DEPUTADO MARCOS HELÃŠNIO,CARTÃ“RIO,13
DEPUTADO BERNARDO RUBINGER,CARTÃ“RIO,7
GOVERNADOR EDUARDO AZEREDO,CARTÃ“RIO,6
DEPUTADO ANDERSON ADAUTO,CARTÃ“RIO,5
Deputado Alencar da Silveira Jr.,CartÃ³rio,10
Deputado Roberto Andrade,CartÃ³rio,9
Deputado Cleitinho Azevedo,CiÃªncia e Tecnologia,40
Deputado Alencar da Silveira Jr.,CiÃªncia e Tecnologia,22
Deputado Doutor Jean Freire,CiÃªncia e Tecnologia,12
Deputado Professor Cleiton,CiÃªncia e Tecnologia,12
Deputada Beatriz Cerqueira,CiÃªncia e Tecnologia,10
Deputado InÃ¡cio Franco,CiÃªncia e Tecnologia,9
DEPUTADO OLINTO GODINHO,CIÃŠNCIA E TECNOLOGIA,7
DEPUTADO LEONARDO MOREIRA,COMÃ‰RCIO,84
DEPUTADO FRED COSTA,COMÃ‰RCIO,32
DEPUTADA LIZA PRADO,COMÃ‰RCIO,20
DEPUTADO CHICO UEJO,COMÃ‰RCIO,12
DEPUTADO DUARTE BECHIR,COMÃ‰RCIO,12
DEPUTADO ALENCAR DA SILVEIRA JR,COMÃ‰RCIO,10
DEPUTADO GUSTAVO VALADARES,COMÃ‰RCIO,10
DEPUTADO JOÃƒO PAULO,COMÃ‰RCIO,8
DEPUTADA LÃšCIA PACÃFICO,COMÃ‰RCIO,7
DEPUTADO MIGUEL MARTINI,COMÃ‰RCIO,7
DEPUTADO SIMÃƒO PEDRO TOLEDO,COMÃ‰RCIO,7
DEPUTADO LUIZ TADEU LEITE,COMÃ‰RCIO,6
DEPUTADO OLINTO GODINHO,COMÃ‰RCIO,6
GOVERNADOR HÃ‰LIO GARCIA,COMÃ‰RCIO,5
GOVERNADOR HÃ‰LIO GARCIA,COMISSÃƒO DE DESENVOLVIMENTO DO VALE DO JEQUITINHONHA (CODEVALE),5
Governador Fernando Damata Pimentel,Companhia de Desenvolvimento EconÃ´mico de Minas Gerais (CODEMIG),18
GOVERNADOR AÃ‰CIO NEVES,COMPANHIA DE DESENVOLVIMENTO ECONÃ”MICO DE MINAS GERAIS (CODEMIG),10
Deputado Paulo Lamac,Companhia de Saneamento de Minas Gerais (COPASA),8
GOVERNADOR ANTONIO AUGUSTO JUNHO ANASTASIA,COMPANHIA DE SANEAMENTO DE MINAS GERAIS (COPASA),11
GOVERNADOR AÃ‰CIO NEVES,COMPANHIA DE SANEAMENTO DE MINAS GERAIS (COPASA),9
DEPUTADO DINIS PINHEIRO,COMPANHIA DE SANEAMENTO DE MINAS GERAIS (COPASA),7
DEPUTADO BENÃ‰ GUEDES,COMPANHIA DE SANEAMENTO DE MINAS GERAIS (COPASA),6
DEPUTADO GILMAR MACHADO,COMPANHIA DE SANEAMENTO DE MINAS GERAIS (COPASA),6
GOVERNADOR EDUARDO AZEREDO,COMPANHIA DE SANEAMENTO DE MINAS GERAIS (COPASA),6
Deputado Gil Pereira,Companhia EnergÃ©tica de Minas Gerais (CEMIG),10
GOVERNADOR ANTONIO AUGUSTO JUNHO ANASTASIA,COMPANHIA ENERGÃ‰TICA DE MINAS GERAIS (CEMIG),28
DEPUTADO BENÃ‰ GUEDES,COMPANHIA ENERGÃ‰TICA DE MINAS GERAIS (CEMIG),6
DEPUTADO GILMAR MACHADO,COMPANHIA ENERGÃ‰TICA DE MINAS GERAIS (CEMIG),6
Deputado Coronel Sandro,ComunicaÃ§Ã£o,22
Deputado Cleitinho Azevedo,ComunicaÃ§Ã£o,20
Deputado Alencar da Silveira Jr.,ComunicaÃ§Ã£o,12
Deputado Doutor Jean Freire,ComunicaÃ§Ã£o,12
Deputado JoÃ£o VÃ­tor Xavier,ComunicaÃ§Ã£o,12
Deputado Antonio Carlos Arantes,ComunicaÃ§Ã£o,10
Deputado Coronel Henrique,ComunicaÃ§Ã£o,10
Deputado Luiz Humberto Carneiro,ComunicaÃ§Ã£o,10
Deputado Sargento Rodrigues,ComunicaÃ§Ã£o,10
DEPUTADO DÃ‰LIO MALHEIROS,COMUNICAÃ‡ÃƒO,20
DEPUTADO AMBRÃ“SIO PINTO,COMUNICAÃ‡ÃƒO,6
DEPUTADO DALMO RIBEIRO SILVA,COMUNICAÃ‡ÃƒO,6
DEPUTADO JOÃƒO LEITE,COMUNICAÃ‡ÃƒO,6
Deputado MissionÃ¡rio Marcio Santiago,Concurso PÃºblico,32
Deputado Cleitinho Azevedo,Concurso PÃºblico,10
Deputado Sargento Rodrigues,Concurso PÃºblico,10
DEPUTADO LEONARDO MOREIRA,CONCURSO PÃšBLICO,9
DEPUTADO MARCOS HELÃŠNIO,CONCURSO PÃšBLICO,7
DEPUTADO AMBRÃ“SIO PINTO,CONCURSO PÃšBLICO,6
DEPUTADO IVAIR NOGUEIRA,CONCURSO PÃšBLICO,5
Governador Fernando Damata Pimentel,Conselho Estadual,15
Governador Romeu Zema Neto,Conselho Estadual,12
COMISSÃƒO PARTICIPAÃ‡ÃƒO POPULAR,CONSELHO ESTADUAL,16
GOVERNADOR ITAMAR FRANCO,CONSELHO ESTADUAL,12
DEPUTADO CÃ‰LIO MOREIRA,CONSELHO ESTADUAL,11
DEPUTADO LEONARDO MOREIRA,CONSELHO ESTADUAL,9
COMISSÃƒO FISCALIZAÃ‡ÃƒO FINANCEIRA E ORÃ‡AMENTÃRIA,CONSELHO ESTADUAL,8
DEPUTADO ADELMO CARNEIRO LEÃƒO,CONSELHO ESTADUAL,8
DEPUTADO IVO JOSÃ‰,CONSELHO ESTADUAL,8
DEPUTADO JOÃƒO LEITE,CONSELHO ESTADUAL,7
GOVERNADOR HÃ‰LIO GARCIA,CONSELHO ESTADUAL,7
"COMISSÃƒO EDUCAÃ‡ÃƒO, CULTURA, DESPORTO E TURISMO E LAZER",CONSELHO ESTADUAL,5
DEPUTADO JOSÃ‰ BONIFÃCIO,CONSELHO ESTADUAL,5
DEPUTADO RONALDO VASCONCELLOS,CONSELHO ESTADUAL,5
DEPUTADO CHICO SIMÃ•ES,CONSTITUIÃ‡ÃƒO ESTADUAL,14
DEPUTADO RICARDO DUARTE,CONSTITUIÃ‡ÃƒO ESTADUAL,7
Governador Fernando Damata Pimentel,Contrato,32
Deputado Gil Pereira,Contrato,20
Deputado Professor Cleiton,Contrato,10
Deputado Gil Pereira,ConvÃªnio,10
DEPUTADO DURVAL Ã‚NGELO,CONVÃŠNIO,20
DEPUTADO ANTÃ”NIO JÃšLIO,CONVÃŠNIO,6
DEPUTADO JOSÃ‰ BONIFÃCIO,CONVÃŠNIO,5
DEPUTADO PAULO PIAU,COOPERATIVISMO,6
Deputada MarÃ­lia Campos,Corpo de Bombeiros Militar do Estado de Minas Gerais (CBMMG),6
Deputado RogÃ©rio Correia,Corpo de Bombeiros Militar do Estado de Minas Gerais (CBMMG),6
Governador Fernando Damata Pimentel,Corpo de Bombeiros Militar do Estado de Minas Gerais (CBMMG),6
GOVERNADOR AÃ‰CIO NEVES,CORPO DE BOMBEIROS MILITAR DO ESTADO DE MINAS GERAIS (CBMMG),16
DEPUTADO LEONARDO MOREIRA,CORPO DE BOMBEIROS MILITAR DO ESTADO DE MINAS GERAIS (CBMMG),12
GOVERNADOR ITAMAR FRANCO,CORPO DE BOMBEIROS MILITAR DO ESTADO DE MINAS GERAIS (CBMMG),8
Deputado Cleitinho Azevedo,CrÃ©dito,10
GOVERNADOR ANTONIO AUGUSTO JUNHO ANASTASIA,CRÃ‰DITO,29
GOVERNADOR AÃ‰CIO NEVES,CRÃ‰DITO,16
GOVERNADOR HÃ‰LIO GARCIA,CRÃ‰DITO,11
GOVERNADOR ALBERTO PINTO COELHO JÃšNIOR,CRÃ‰DITO,9
Deputado Cleitinho Azevedo,CrianÃ§a e Adolescente,50
Deputado AntÃ´nio Jorge,CrianÃ§a e Adolescente,32
Deputada Ana Paula Siqueira,CrianÃ§a e Adolescente,20
Deputado Doutor Jean Freire,CrianÃ§a e Adolescente,20
Deputada Laura Serrano,CrianÃ§a e Adolescente,12
Deputado Alencar da Silveira Jr.,CrianÃ§a e Adolescente,12
Deputado Charles Santos,CrianÃ§a e Adolescente,12
Deputada Ione Pinheiro,CrianÃ§a e Adolescente,10
Deputado FÃ¡bio Avelar de Oliveira,CrianÃ§a e Adolescente,10
Deputada MarÃ­lia Campos,CrianÃ§a e Adolescente,9
Deputado Noraldino JÃºnior,CrianÃ§a e Adolescente,9
Deputado AntÃ´nio Lerin,CrianÃ§a e Adolescente,8
Deputado Douglas Melo,CrianÃ§a e Adolescente,8
DEPUTADO LEONARDO MOREIRA,CRIANÃ‡A E ADOLESCENTE,68
DEPUTADA LUZIA FERREIRA,CRIANÃ‡A E ADOLESCENTE,28
DEPUTADO ARLEN SANTIAGO,CRIANÃ‡A E ADOLESCENTE,28
DEPUTADO BOSCO,CRIANÃ‡A E ADOLESCENTE,28
DEPUTADO JOÃƒO LEITE,CRIANÃ‡A E ADOLESCENTE,28
DEPUTADO EROS BIONDINI,CRIANÃ‡A E ADOLESCENTE,20
DEPUTADA ANA MARIA RESENDE,CRIANÃ‡A E ADOLESCENTE,16
DEPUTADO DURVAL Ã‚NGELO,CRIANÃ‡A E ADOLESCENTE,15
DEPUTADO ANDRÃ‰ QUINTÃƒO,CRIANÃ‡A E ADOLESCENTE,14
DEPUTADO GILBERTO ABRAMO,CRIANÃ‡A E ADOLESCENTE,14
DEPUTADO CABO JÃšLIO,CRIANÃ‡A E ADOLESCENTE,11
DEPUTADO DINIS PINHEIRO,CRIANÃ‡A E ADOLESCENTE,10
DEPUTADO ALENCAR DA SILVEIRA JR,CRIANÃ‡A E ADOLESCENTE,9
DEPUTADO CÃ‰LIO MOREIRA,CRIANÃ‡A E ADOLESCENTE,9
DEPUTADO GUSTAVO CORRÃŠA,CRIANÃ‡A E ADOLESCENTE,9
DEPUTADO MAURI TORRES,CRIANÃ‡A E ADOLESCENTE,9
DEPUTADO WELITON PRADO,CRIANÃ‡A E ADOLESCENTE,9
Deputado Doutor Jean Freire,Cultura,28
Deputado Bosco,Cultura,18
Deputado Glaycon Franco,Cultura,12
Deputado Marquinho Lemos,Cultura,12
Deputado Bruno Engler,Cultura,10
Deputado Cristiano Silveira,Cultura,9
Deputado Fred Costa,Cultura,9
Deputado AntÃ´nio Lerin,Cultura,8
DEPUTADO ALMIR PARACA,CULTURA,28
DEPUTADA LIZA PRADO,CULTURA,20
DEPUTADA ELISA COSTA,CULTURA,19
GOVERNADOR ANTONIO AUGUSTO JUNHO ANASTASIA,CULTURA,18
DEPUTADO LEONARDO MOREIRA,CULTURA,16
DEPUTADO GILBERTO ABRAMO,CULTURA,14
DEPUTADO JOÃƒO LEITE,CULTURA,13
DEPUTADO MIGUEL MARTINI,CULTURA,13
DEPUTADO ROGÃ‰RIO CORREIA,CULTURA,13
DEPUTADO INÃCIO FRANCO,CULTURA,11
DEPUTADO DURVAL Ã‚NGELO,CULTURA,10
DEPUTADO FÃBIO CHEREM,CULTURA,9
DEPUTADA ANA MARIA RESENDE,CULTURA,7
DEPUTADA JÃ” MORAES,CULTURA,7
DEPUTADA LÃšCIA PACÃFICO,CULTURA,7
DEPUTADA MARIA OLÃVIA,CULTURA,7
DEPUTADA MARIA TEREZA LARA,CULTURA,7
DEPUTADO ALBERTO PINTO COELHO,CULTURA,7
DEPUTADO ANDRÃ‰ QUINTÃƒO,CULTURA,7
DEPUTADO CARLOS PIMENTA,CULTURA,7
DEPUTADO CHICO RAFAEL,CULTURA,7
DEPUTADO DOMINGOS SÃVIO,CULTURA,7
DEPUTADO DOUTOR RONALDO,CULTURA,7
DEPUTADO FÃBIO AVELAR,CULTURA,7
DEPUTADO LAUDELINO AUGUSTO,CULTURA,7
DEPUTADO LUIZ HUMBERTO CARNEIRO,CULTURA,7
DEPUTADO MÃRCIO KANGUSSU,CULTURA,7
DEPUTADO PADRE JOÃƒO,CULTURA,7
DEPUTADO PINDUCA FERREIRA,CULTURA,7
DEPUTADO SEBASTIÃƒO NAVARRO VIEIRA,CULTURA,7
DEPUTADO WELITON PRADO,CULTURA,7
Defensoria PÃºblica,Defensoria PÃºblica do Estado de Minas Gerais (DPMG),16
GOVERNADOR ANTONIO AUGUSTO JUNHO ANASTASIA,DEFENSORIA PÃšBLICA DO ESTADO DE MINAS GERAIS (DPMG),11
DEPUTADO GILBERTO ABRAMO,DEFENSORIA PÃšBLICA DO ESTADO DE MINAS GERAIS (DPMG),7
DEPUTADO AMBRÃ“SIO PINTO,DEFENSORIA PÃšBLICA DO ESTADO DE MINAS GERAIS (DPMG),6
GOVERNADOR NEWTON CARDOSO,DEFENSORIA PÃšBLICA DO ESTADO DE MINAS GERAIS (DPMG),5
Deputada MarÃ­lia Campos,Defesa Civil,6
Deputado RogÃ©rio Correia,Defesa Civil,6
DEPUTADO REINALDO DE LIMA,DEFESA CIVIL,5
Deputado Cleitinho Azevedo,Defesa do Consumidor,140
Deputado Douglas Melo,Defesa do Consumidor,44
Deputado Elismar Prado,Defesa do Consumidor,32
Deputado Ulysses Gomes,Defesa do Consumidor,32
Deputado Alencar da Silveira Jr.,Defesa do Consumidor,22
Deputada Ione Pinheiro,Defesa do Consumidor,10
Deputado Antonio Carlos Arantes,Defesa do Consumidor,10
Deputado Charles Santos,Defesa do Consumidor,10
Deputado Coronel Henrique,Defesa do Consumidor,10
Deputado Doutor Jean Freire,Defesa do Consumidor,10
Deputado Gil Pereira,Defesa do Consumidor,10
Deputado Luiz Humberto Carneiro,Defesa do Consumidor,10
Governador Romeu Zema Neto,Defesa do Consumidor,10
Deputado Carlos Henrique,Defesa do Consumidor,9
Deputado AntÃ´nio Jorge,Defesa do Consumidor,8
DEPUTADO LEONARDO MOREIRA,DEFESA DO CONSUMIDOR,326
DEPUTADO GUSTAVO VALADARES,DEFESA DO CONSUMIDOR,78
DEPUTADO DUARTE BECHIR,DEFESA DO CONSUMIDOR,36
DEPUTADO GILBERTO ABRAMO,DEFESA DO CONSUMIDOR,34
DEPUTADO FRED COSTA,DEFESA DO CONSUMIDOR,32
DEPUTADA LIZA PRADO,DEFESA DO CONSUMIDOR,29
DEPUTADO ALENCAR DA SILVEIRA JR,DEFESA DO CONSUMIDOR,28
DEPUTADO BOSCO,DEFESA DO CONSUMIDOR,28
DEPUTADO DOUTOR WILSON BATISTA,DEFESA DO CONSUMIDOR,28
DEPUTADO MARCOS HELÃŠNIO,DEFESA DO CONSUMIDOR,21
DEPUTADO CARLIN MOURA,DEFESA DO CONSUMIDOR,20
DEPUTADO FÃBIO CHEREM,DEFESA DO CONSUMIDOR,18
DEPUTADO GUSTAVO CORRÃŠA,DEFESA DO CONSUMIDOR,18
DEPUTADO CÃ‰LIO MOREIRA,DEFESA DO CONSUMIDOR,17
DEPUTADO DINIS PINHEIRO,DEFESA DO CONSUMIDOR,14
DEPUTADO DOUTOR VIANA,DEFESA DO CONSUMIDOR,14
DEPUTADO SIDINHO DO FERROTACO,DEFESA DO CONSUMIDOR,14
GOVERNADOR HÃ‰LIO GARCIA,DEPARTAMENTO DE ESTRADAS DE RODAGEM DO ESTADO DE MINAS GERAIS (DER),19
GOVERNADOR AÃ‰CIO NEVES,DEPARTAMENTO DE ESTRADAS DE RODAGEM DO ESTADO DE MINAS GERAIS (DER),14
DEPUTADO ARLEN SANTIAGO,DEPARTAMENTO DE ESTRADAS DE RODAGEM DO ESTADO DE MINAS GERAIS (DER),9
DEPUTADO JOSÃ‰ MILTON,DEPARTAMENTO DE ESTRADAS DE RODAGEM DO ESTADO DE MINAS GERAIS (DER),6
GOVERNADOR HÃ‰LIO GARCIA,DEPARTAMENTO DE OBRAS PÃšBLICAS DO ESTADO DE MINAS GERAIS (DEOP-MG),5
DEPUTADO GUSTAVO VALADARES,DEPARTAMENTO DE TRÃ‚NSITO DE MINAS GERAIS (DETRAN-MG),10
DEPUTADO DOUTOR VIANA,DEPARTAMENTO DE TRÃ‚NSITO DE MINAS GERAIS (DETRAN-MG),7
GOVERNADOR HÃ‰LIO GARCIA,DEPARTAMENTO ESTADUAL DE TELECOMUNICAÃ‡Ã•ES DE MINAS GERAIS (DETEL-MG),12
Deputado Felipe AttiÃª,Deputado Estadual,9
DEPUTADO CÃ‰LIO MOREIRA,DEPUTADO ESTADUAL,11
MESA DA ASSEMBLÃ‰IA,DEPUTADO ESTADUAL,5
DEPUTADO LEONARDO MOREIRA,DESENVOLVIMENTO REGIONAL,28
DEPUTADO DALMO RIBEIRO SILVA,DESENVOLVIMENTO REGIONAL,14
GOVERNADOR AÃ‰CIO NEVES,DESENVOLVIMENTO REGIONAL,7
Deputado Cleitinho Azevedo,Direitos Humanos,50
Deputado Doutor Jean Freire,Direitos Humanos,38
Deputado AntÃ´nio Carlos Arantes,Direitos Humanos,32
Deputado Celinho do Sinttrocel,Direitos Humanos,32
Deputado Paulo Lamac,Direitos Humanos,32
Deputada Ana Paula Siqueira,Direitos Humanos,30
Deputada AndrÃ©ia de Jesus,Direitos Humanos,22
Deputada Leninha,Direitos Humanos,22
Deputado Bruno Engler,Direitos Humanos,22
Deputada Beatriz Cerqueira,Direitos Humanos,20
Deputado Sargento Rodrigues,Direitos Humanos,20
Deputado Cristiano Silveira,Direitos Humanos,16
Deputada Laura Serrano,Direitos Humanos,12
Deputado Alencar da Silveira Jr.,Direitos Humanos,12
Deputado BetÃ£o,Direitos Humanos,12
Deputado Carlos Pimenta,Direitos Humanos,12
Deputado Mauro Tramonte,Direitos Humanos,12
Deputado Osvaldo Lopes,Direitos Humanos,12
DEPUTADO DURVAL Ã‚NGELO,DIREITOS HUMANOS,49
DEPUTADA ANA MARIA RESENDE,DIREITOS HUMANOS,42
DEPUTADO EROS BIONDINI,DIREITOS HUMANOS,40
DEPUTADO ROGÃ‰RIO CORREIA,DIREITOS HUMANOS,36
DEPUTADO FRED COSTA,DIREITOS HUMANOS,32
DEPUTADA MARIA TEREZA LARA,DIREITOS HUMANOS,20
DEPUTADO LEONARDO MOREIRA,DIREITOS HUMANOS,20
DEPUTADO JOÃƒO BATISTA DE OLIVEIRA,DIREITOS HUMANOS,13
GOVERNADOR ITAMAR FRANCO,DIREITOS HUMANOS,12
DEPUTADO CABO JÃšLIO,DIREITOS HUMANOS,11
DEPUTADO MARQUES ABREU,DIREITOS HUMANOS,11
DEPUTADA JÃ” MORAES,DIREITOS HUMANOS,9
DEPUTADO ADELMO CARNEIRO LEÃƒO,DIREITOS HUMANOS,9
DEPUTADO BIEL ROCHA,DIREITOS HUMANOS,9
DEPUTADA ELAINE MATOZINHOS,DIREITOS HUMANOS,8
COMISSÃƒO ASSUNTOS MUNICIPAIS E REGIONALIZAÃ‡ÃƒO,DIVISÃƒO ADMINISTRATIVA,20
DEPUTADO GERALDO DA COSTA PEREIRA,DIVISÃƒO ADMINISTRATIVA,6
DEPUTADO ROMEU QUEIROZ,DIVISÃƒO JUDICIÃRIA,5
Deputado Bruno Engler,Droga,10
Deputado Cleitinho Azevedo,Droga,10
DEPUTADO ALENCAR DA SILVEIRA JR,DROGA,9
DEPUTADO CARLOS HENRIQUE,DROGA,9
DEPUTADO RICARDO DUARTE,DROGA,7
DEPUTADO DALMO RIBEIRO SILVA,DROGA,6
GOVERNADOR EDUARDO AZEREDO,DROGA,5
Deputado Cleitinho Azevedo,EducaÃ§Ã£o,50
Deputado Duarte Bechir,EducaÃ§Ã£o,32
Deputado Fred Costa,EducaÃ§Ã£o,32
Deputada Beatriz Cerqueira,EducaÃ§Ã£o,20
Deputado Sargento Rodrigues,EducaÃ§Ã£o,20
Deputado Charles Santos,EducaÃ§Ã£o,12
Deputado Glaycon Franco,EducaÃ§Ã£o,12
Deputado Mauro Tramonte,EducaÃ§Ã£o,12
Deputada Delegada Sheila,EducaÃ§Ã£o,10
Deputada Laura Serrano,EducaÃ§Ã£o,10
Deputado Antonio Carlos Arantes,EducaÃ§Ã£o,10
Deputado BartÃ´,EducaÃ§Ã£o,10
Deputado Betinho Pinto Coelho,EducaÃ§Ã£o,10
Deputado Bruno Engler,EducaÃ§Ã£o,10
Deputado Coronel Henrique,EducaÃ§Ã£o,10
Deputado Coronel Sandro,EducaÃ§Ã£o,10
Deputado Guilherme da Cunha,EducaÃ§Ã£o,10
Deputado JoÃ£o Leite,EducaÃ§Ã£o,10
Deputado LÃ©o Portela,EducaÃ§Ã£o,10
Deputado Leandro Genaro,EducaÃ§Ã£o,10
Deputado Professor Wendel Mesquita,EducaÃ§Ã£o,10
Deputado Raul BelÃ©m,EducaÃ§Ã£o,10
Deputado Tadeu Martins Leite,EducaÃ§Ã£o,10
Deputado ZÃ© Reis,EducaÃ§Ã£o,10
DEPUTADO LEONARDO MOREIRA,EDUCAÃ‡ÃƒO,50
DEPUTADO ANDRÃ‰ QUINTÃƒO,EDUCAÃ‡ÃƒO,46
DEPUTADO ALMIR PARACA,EDUCAÃ‡ÃƒO,40
DEPUTADO DALMO RIBEIRO SILVA,EDUCAÃ‡ÃƒO,34
COMISSÃƒO PARTICIPAÃ‡ÃƒO POPULAR,EDUCAÃ‡ÃƒO,28
DEPUTADO BOSCO,EDUCAÃ‡ÃƒO,28
DEPUTADO GUSTAVO VALADARES,EDUCAÃ‡ÃƒO,22
DEPUTADO JORGE EDUARDO DE OLIVEIRA,EDUCAÃ‡ÃƒO,22
DEPUTADO ADALCLEVER LOPES,EDUCAÃ‡ÃƒO,21
DEPUTADO WALTER TOSTA,EDUCAÃ‡ÃƒO,20
DEPUTADO ANTÃ”NIO JÃšLIO,EDUCAÃ‡ÃƒO,19
DEPUTADA ANA MARIA RESENDE,EDUCAÃ‡ÃƒO,14
DEPUTADO DINIS PINHEIRO,EDUCAÃ‡ÃƒO,12
DEPUTADO JOÃƒO LEITE,EDUCAÃ‡ÃƒO,12
DEPUTADO MÃRCIO CUNHA,EDUCAÃ‡ÃƒO,12
GOVERNADOR ITAMAR FRANCO,EDUCAÃ‡ÃƒO,12
Governador Fernando Damata Pimentel,Empresa AssistÃªncia TÃ©cnica ExtensÃ£o Rural Estado Minas Gerais (EMATER-MG),9
GOVERNADOR HÃ‰LIO GARCIA,EMPRESA ASSISTÃŠNCIA TÃ‰CNICA EXTENSÃƒO RURAL ESTADO MINAS GERAIS (EMATER-MG),7
GOVERNADOR HÃ‰LIO GARCIA,EMPRESA PÃšBLICA,11
DEPUTADO ELMIRO NASCIMENTO,EMPRESA PÃšBLICA,5
Deputado Cleitinho Azevedo,Energia,20
Deputado Professor Cleiton,Energia,10
Deputado Gil Pereira,Energia,6
DEPUTADO DALMO RIBEIRO SILVA,ENERGIA,10
DEPUTADO CARLOS PIMENTA,ENERGIA,7
DEPUTADO MÃRCIO KANGUSSU,ENERGIA,7
DEPUTADO ANDERSON ADAUTO,ENERGIA,6
GOVERNADOR HÃ‰LIO GARCIA,ENERGIA,6
Deputado Cleitinho Azevedo,Energia ElÃ©trica,10
Deputado Gil Pereira,Energia ElÃ©trica,10
Deputado LeonÃ­dio BouÃ§as,Energia ElÃ©trica,10
Deputado Alencar da Silveira Jr.,Energia ElÃ©trica,8
DEPUTADO MARCOS HELÃŠNIO,ENERGIA ELÃ‰TRICA,14
DEPUTADO GERALDO REZENDE,ENERGIA ELÃ‰TRICA,7
DEPUTADO PAULO PIAU,ENERGIA ELÃ‰TRICA,7
GOVERNADOR AÃ‰CIO NEVES,ENERGIA ELÃ‰TRICA,7
GOVERNADOR EDUARDO AZEREDO,ENERGIA ELÃ‰TRICA,5
Deputado Glaycon Franco,Ensino PÃºblico Estadual,20
Deputado Doutor Jean Freire,Ensino PÃºblico Estadual,17
Deputado Noraldino JÃºnior,Ensino PÃºblico Estadual,17
Deputado Professor Cleiton,Ensino PÃºblico Estadual,12
Deputada Beatriz Cerqueira,Ensino PÃºblico Estadual,10
Deputada Ione Pinheiro,Ensino PÃºblico Estadual,10
Deputada Celise Laviola,Ensino PÃºblico Estadual,8
Deputada Geisa Teixeira,Ensino PÃºblico Estadual,8
Deputada MarÃ­lia Campos,Ensino PÃºblico Estadual,8
Deputado AndrÃ© QuintÃ£o,Ensino PÃºblico Estadual,8
Deputado AntÃ´nio Lerin,Ensino PÃºblico Estadual,8
Deputado Bosco,Ensino PÃºblico Estadual,8
Deputado Cabo JÃºlio,Ensino PÃºblico Estadual,8
Deputado Celinho do Sinttrocel,Ensino PÃºblico Estadual,8
Deputado Cristiano Silveira,Ensino PÃºblico Estadual,8
Deputado Douglas Melo,Ensino PÃºblico Estadual,8
Deputado Duarte Bechir,Ensino PÃºblico Estadual,8
Deputado Durval Ã‚ngelo,Ensino PÃºblico Estadual,8
Deputado Elismar Prado,Ensino PÃºblico Estadual,8
Deputado Emidinho Madeira,Ensino PÃºblico Estadual,8
Deputado FÃ¡bio Avelar Oliveira,Ensino PÃºblico Estadual,8
Deputado Fabiano Tolentino,Ensino PÃºblico Estadual,8
Deputado Fred Costa,Ensino PÃºblico Estadual,8
Deputado Geraldo Pimenta,Ensino PÃºblico Estadual,8
Deputado Gilberto Abramo,Ensino PÃºblico Estadual,8
Deputado Iran Barbosa,Ensino PÃºblico Estadual,8
Deputado Isauro Calais,Ensino PÃºblico Estadual,8
Deputado Ivair Nogueira,Ensino PÃºblico Estadual,8
Deputado LÃ©o Portela,Ensino PÃºblico Estadual,8
Deputado MissionÃ¡rio Marcio Santiago,Ensino PÃºblico Estadual,8
Deputado Neilando Pimenta,Ensino PÃºblico Estadual,8
Deputado Nozinho,Ensino PÃºblico Estadual,8
Deputado Paulo Guedes,Ensino PÃºblico Estadual,8
Deputado Paulo Lamac,Ensino PÃºblico Estadual,8
Deputado Roberto Andrade,Ensino PÃºblico Estadual,8
Deputado RogÃ©rio Correia,Ensino PÃºblico Estadual,8
Deputado Ulysses Gomes,Ensino PÃºblico Estadual,8
Deputado Wander Borges,Ensino PÃºblico Estadual,8
DEPUTADO GUSTAVO VALADARES,ENSINO PÃšBLICO ESTADUAL,12
DEPUTADO WANDER BORGES,ENSINO PÃšBLICO ESTADUAL,9
DEPUTADO JOÃƒO LEITE,ENSINO PÃšBLICO ESTADUAL,6
DEPUTADO PAULO PIAU,ENSINO PÃšBLICO ESTADUAL,6
DEPUTADO ANTÃ”NIO PINHEIRO,ENSINO PÃšBLICO ESTADUAL,5
Deputado RogÃ©rio Correia,Ensino Superior,32
Deputada Beatriz Cerqueira,Ensino Superior,12
Deputado Doutor Jean Freire,Ensino Superior,12
Deputado Cleitinho Azevedo,Ensino Superior,10
Deputado Celinho do Sinttrocel,Ensino Superior,8
DEPUTADO ANDRÃ‰ QUINTÃƒO,ENSINO SUPERIOR,32
DEPUTADO LEONARDO MOREIRA,ENSINO SUPERIOR,32
COMISSÃƒO PARTICIPAÃ‡ÃƒO POPULAR,ENSINO SUPERIOR,18
GOVERNADOR AÃ‰CIO NEVES,ENSINO SUPERIOR,14
DEPUTADO ANDERSON ADAUTO,ENSINO SUPERIOR,6
Deputado Cleitinho Azevedo,Esporte e Lazer,20
Deputado Alencar da Silveira Jr.,Esporte e Lazer,12
Deputado Osvaldo Lopes,Esporte e Lazer,12
Deputado Coronel Henrique,Esporte e Lazer,10
Deputado FÃ¡bio Avelar de Oliveira,Esporte e Lazer,10
Deputado LeonÃ­dio BouÃ§as,Esporte e Lazer,10
Deputado Roberto Andrade,Esporte e Lazer,10
DEPUTADO ALENCAR DA SILVEIRA JR,ESPORTE E LAZER,29
DEPUTADO LEONARDO MOREIRA,ESPORTE E LAZER,23
COMISSÃƒO PARLAMENTAR DE INQUÃ‰RITO,ESPORTE E LAZER,20
DEPUTADO REINALDO DE LIMA,ESPORTE E LAZER,13
DEPUTADO ALENCAR DA SILVEIRA JÃšNIOR,ESPORTE E LAZER,12
DEPUTADO ANSELMO JOSÃ‰ DOMINGOS,ESPORTE E LAZER,11
DEPUTADO FRED COSTA,ESPORTE E LAZER,11
GOVERNADOR AÃ‰CIO NEVES,ESPORTE E LAZER,10
DEPUTADO ALENCAR DA SILVEIRA JR.,ESPORTE E LAZER,9
DEPUTADO CARLIN MOURA,ESPORTE E LAZER,9
DEPUTADO MAURI TORRES,ESPORTE E LAZER,9
DEPUTADO RÃ”MULO VENEROSO,ESPORTE E LAZER,9
DEPUTADO WELITON PRADO,ESPORTE E LAZER,9
GOVERNADOR ANTONIO AUGUSTO JUNHO ANASTASIA,ESPORTE E LAZER,9
DEPUTADA ELAINE MATOZINHOS,ESPORTE E LAZER,8
Governador Fernando Damata Pimentel,Estabelecimento de Ensino,39
Deputada Beatriz Cerqueira,Estabelecimento de Ensino,34
Deputado Geraldo Pimenta,Estabelecimento de Ensino,32
Deputado Cleitinho Azevedo,Estabelecimento de Ensino,30
Deputado Tadeu Martins Leite,Estabelecimento de Ensino,22
Deputado Doutor Jean Freire,Estabelecimento de Ensino,15
Deputado Mauro Tramonte,Estabelecimento de Ensino,10
Deputada MarÃ­lia Campos,Estabelecimento de Ensino,9
Deputado RogÃ©rio Correia,Estabelecimento de Ensino,9
Deputada Celise Laviola,Estabelecimento de Ensino,8
Deputado Bosco,Estabelecimento de Ensino,8
GOVERNADOR AÃ‰CIO NEVES,ESTABELECIMENTO DE ENSINO,197
GOVERNADOR ITAMAR FRANCO,ESTABELECIMENTO DE ENSINO,42
DEPUTADO LEONARDO MOREIRA,ESTABELECIMENTO DE ENSINO,32
GOVERNADOR ANTONIO AUGUSTO JUNHO ANASTASIA,ESTABELECIMENTO DE ENSINO,28
DEPUTADO IRANI BARBOSA,ESTABELECIMENTO DE ENSINO,27
DEPUTADO GUSTAVO VALADARES,ESTABELECIMENTO DE ENSINO,22
DEPUTADO ADEMIR LUCAS,ESTABELECIMENTO DE ENSINO,20
DEPUTADO AGOSTINHO PATRÃšS,ESTABELECIMENTO DE ENSINO,18
DEPUTADO PAULO CÃ‰SAR,ESTABELECIMENTO DE ENSINO,18
DEPUTADO MAURI TORRES,ESTABELECIMENTO DE ENSINO,13
DEPUTADO ANDERSON ADAUTO,ESTABELECIMENTO DE ENSINO,12
DEPUTADO BERNARDO RUBINGER,ESTABELECIMENTO DE ENSINO,11
DEPUTADO JOSÃ‰ MILITÃƒO,ESTABELECIMENTO DE ENSINO,11
DEPUTADA GLÃUCIA BRANDÃƒO,ESTABELECIMENTO DE ENSINO,10
DEPUTADO CARLOS PIMENTA,ESTABELECIMENTO DE ENSINO,10
DEPUTADO DALMO RIBEIRO SILVA,ESTABELECIMENTO DE ENSINO,10
DEPUTADO MAURO MORAES,ESTABELECIMENTO DE ENSINO,10
Deputado Elismar Prado,Estabelecimento Penal,32
Deputada Leninha,Estabelecimento Penal,12
Deputado Cleitinho Azevedo,Estabelecimento Penal,10
GOVERNADOR AÃ‰CIO NEVES,ESTABELECIMENTO PENAL,42
DEPUTADO TARCÃSIO HENRIQUES,ESTABELECIMENTO PENAL,5
Deputado Gil Pereira,Evento,10
COMISSÃƒO PARTICIPAÃ‡ÃƒO POPULAR,EVENTO,10
GOVERNADOR AÃ‰CIO NEVES,EVENTO,10
DEPUTADO FRED COSTA,EVENTO,9
DEPUTADA MARIA JOSÃ‰ HAUEISEN,EVENTO,5
MESA DA ASSEMBLÃ‰IA,EVENTO,5
Deputado Bruno Engler,ExecuÃ§Ã£o Penal,12
Deputado Sargento Rodrigues,ExecuÃ§Ã£o Penal,12
Deputado Sargento Rodrigues,Executivo,44
Governador Fernando Damata Pimentel,Executivo,38
Deputada Beatriz Cerqueira,Executivo,32
Deputado Duarte Bechir,Executivo,32
Deputado MissionÃ¡rio Marcio Santiago,Executivo,32
Deputado Paulo Lamac,Executivo,32
Deputado RogÃ©rio Correia,Executivo,32
Deputado Agostinho Patrus,Executivo,12
Deputado Doutor Jean Freire,Executivo,12
Governador Romeu Zema Neto,Executivo,12
Deputado Guilherme da Cunha,Executivo,10
Deputado Luiz Humberto Carneiro,Executivo,6
GOVERNADOR AÃ‰CIO NEVES,EXECUTIVO,273
GOVERNADOR HÃ‰LIO GARCIA,EXECUTIVO,101
GOVERNADOR FERNANDO DAMATA PIMENTEL,EXECUTIVO,96
GOVERNADOR ANTONIO AUGUSTO JUNHO ANASTASIA,EXECUTIVO,59
GOVERNADOR EDUARDO AZEREDO,EXECUTIVO,24
COMISSÃƒO PARTICIPAÃ‡ÃƒO POPULAR,EXECUTIVO,22
DEPUTADO GUSTAVO VALADARES,EXECUTIVO,20
GOVERNADOR NEWTON CARDOSO,EXECUTIVO,15
MESA DA ASSEMBLÃ‰IA,EXECUTIVO,14
DEPUTADO GERALDO REZENDE,EXECUTIVO,12
DEPUTADO JOSÃ‰ BONIFÃCIO,EXECUTIVO,12
DEPUTADO LEONARDO MOREIRA,EXECUTIVO,12
DEPUTADO RUY MUNIZ,EXECUTIVO,12
MESA DA ASSEMBLEIA,EXECUTIVO,10
DEPUTADO DIMAS FABIANO,EXECUTIVO,9
GOVERNADOR ALBERTO PINTO COELHO JÃšNIOR,EXECUTIVO,9
Tribunal de JustiÃ§a,FinanÃ§as PÃºblicas,32
Deputado Cleitinho Azevedo,FinanÃ§as PÃºblicas,20
Governador Fernando Damata Pimentel,FinanÃ§as PÃºblicas,18
Deputada Beatriz Cerqueira,FinanÃ§as PÃºblicas,10
Deputada Ione Pinheiro,FinanÃ§as PÃºblicas,10
Deputado Gil Pereira,FinanÃ§as PÃºblicas,10
Deputado Roberto Andrade,FinanÃ§as PÃºblicas,10
Deputado AntÃ´nio Jorge,FinanÃ§as PÃºblicas,9
Deputado CÃ¡ssio Soares,FinanÃ§as PÃºblicas,6
Deputado Tiago Ulisses,FinanÃ§as PÃºblicas,6
GOVERNADOR ANTONIO AUGUSTO JUNHO ANASTASIA,FINANÃ‡AS PÃšBLICAS,162
GOVERNADOR AÃ‰CIO NEVES,FINANÃ‡AS PÃšBLICAS,69
GOVERNADOR HÃ‰LIO GARCIA,FINANÃ‡AS PÃšBLICAS,40
GOVERNADOR EDUARDO AZEREDO,FINANÃ‡AS PÃšBLICAS,28
GOVERNADOR ALBERTO PINTO COELHO JÃšNIOR,FINANÃ‡AS PÃšBLICAS,27
DEPUTADO IRANI BARBOSA,FINANÃ‡AS PÃšBLICAS,12
DEPUTADO LAFAYETTE DE ANDRADA,FINANÃ‡AS PÃšBLICAS,10
DEPUTADO ALMIR PARACA,FINANÃ‡AS PÃšBLICAS,9
DEPUTADO ANDERSON ADAUTO,FINANÃ‡AS PÃšBLICAS,8
COMISSÃƒO ESPECIAL,FINANÃ‡AS PÃšBLICAS,7
DEPUTADO GLYCON TERRA PINTO,FINANÃ‡AS PÃšBLICAS,6
DEPUTADO PÃ‰RICLES FERREIRA,FINANÃ‡AS PÃšBLICAS,6
DEPUTADO SEBASTIÃƒO COSTA,FINANÃ‡AS PÃšBLICAS,6
GOVERNADOR ITAMAR FRANCO,FINANÃ‡AS PÃšBLICAS,6
DEPUTADO GERALDO REZENDE,FINANÃ‡AS PÃšBLICAS,5
Governador Fernando Damata Pimentel,FundaÃ§Ã£o ClÃ³vis Salgado (FCS),9
Deputado Arlen Santiago,FundaÃ§Ã£o Hospitalar do Estado de Minas Gerais (FHEMIG),9
Governador Fernando Damata Pimentel,FundaÃ§Ã£o Hospitalar do Estado de Minas Gerais (FHEMIG),9
GOVERNADOR HÃ‰LIO GARCIA,FUNDAÃ‡ÃƒO HELENA ANTIPOFF (FHA),7
GOVERNADOR HÃ‰LIO GARCIA,FUNDAÃ‡ÃƒO HOSPITALAR DO ESTADO DE MINAS GERAIS (FHEMIG),7
GOVERNADOR ITAMAR FRANCO,FUNDAÃ‡ÃƒO HOSPITALAR DO ESTADO DE MINAS GERAIS (FHEMIG),6
GOVERNADOR EDUARDO AZEREDO,FUNDAÃ‡ÃƒO PÃšBLICA,7
DEPUTADO JORGE HANNAS,FUNDAÃ‡ÃƒO PÃšBLICA,5
GOVERNADOR EDUARDO AZEREDO,FUNDAÃ‡ÃƒO RURAL MINEIRA COLONIZAÃ‡ÃƒO E DESENVOLVIMENTO AGRÃRIO (RURALMINAS),11
Deputado Gil Pereira,Fundo Estadual,32
Governador Fernando Damata Pimentel,Fundo Estadual,21
Governador Romeu Zema Neto,Fundo Estadual,12
Deputado Doutor Jean Freire,Fundo Estadual,10
Deputado InÃ¡cio Franco,Fundo Estadual,9
ComissÃ£o Direitos Humanos,Fundo Estadual,6
GOVERNADOR AÃ‰CIO NEVES,FUNDO ESTADUAL,29
DEPUTADO BRAULIO BRAZ,FUNDO ESTADUAL,20
GOVERNADOR ITAMAR FRANCO,FUNDO ESTADUAL,14
DEPUTADO CHICO RAFAEL,FUNDO ESTADUAL,13
DEPUTADO POMPÃLIO CANAVEZ,FUNDO ESTADUAL,9
DEPUTADA ANA MARIA RESENDE,FUNDO ESTADUAL,7
DEPUTADA JÃ” MORAES,FUNDO ESTADUAL,7
DEPUTADA LÃšCIA PACÃFICO,FUNDO ESTADUAL,7
DEPUTADA MARIA OLÃVIA,FUNDO ESTADUAL,7
DEPUTADA MARIA TEREZA LARA,FUNDO ESTADUAL,7
DEPUTADO ADALCLEVER LOPES,FUNDO ESTADUAL,7
DEPUTADO ALBERTO PINTO COELHO,FUNDO ESTADUAL,7
DEPUTADO ANDRÃ‰ QUINTÃƒO,FUNDO ESTADUAL,7
DEPUTADO ANTÃ”NIO JÃšLIO,FUNDO ESTADUAL,7
DEPUTADO CARLOS PIMENTA,FUNDO ESTADUAL,7
DEPUTADO DOMINGOS SÃVIO,FUNDO ESTADUAL,7
DEPUTADO DOUTOR RONALDO,FUNDO ESTADUAL,7
DEPUTADO FÃBIO AVELAR,FUNDO ESTADUAL,7
DEPUTADO GILBERTO ABRAMO,FUNDO ESTADUAL,7
DEPUTADO IVAIR NOGUEIRA,FUNDO ESTADUAL,7
DEPUTADO JOÃƒO LEITE,FUNDO ESTADUAL,7
DEPUTADO JOSÃ‰ HENRIQUE,FUNDO ESTADUAL,7
DEPUTADO LAUDELINO AUGUSTO,FUNDO ESTADUAL,7
DEPUTADO LEONARDO MOREIRA,FUNDO ESTADUAL,7
DEPUTADO LEONARDO QUINTÃƒO,FUNDO ESTADUAL,7
DEPUTADO LUIZ HUMBERTO CARNEIRO,FUNDO ESTADUAL,7
DEPUTADO MÃRCIO KANGUSSU,FUNDO ESTADUAL,7
DEPUTADO MIGUEL MARTINI,FUNDO ESTADUAL,7
DEPUTADO PADRE JOÃƒO,FUNDO ESTADUAL,7
DEPUTADO PINDUCA FERREIRA,FUNDO ESTADUAL,7
DEPUTADO ROGÃ‰RIO CORREIA,FUNDO ESTADUAL,7
DEPUTADO SEBASTIÃƒO NAVARRO VIEIRA,FUNDO ESTADUAL,7
DEPUTADO WELITON PRADO,FUNDO ESTADUAL,7
Deputado Cleitinho Azevedo,HabitaÃ§Ã£o,30
ComissÃ£o Direitos Humanos,HabitaÃ§Ã£o,18
Deputado Mauro Tramonte,HabitaÃ§Ã£o,12
Deputado Carlos Henrique,HabitaÃ§Ã£o,10
DEPUTADO WANDER BORGES,HABITAÃ‡ÃƒO,20
DEPUTADO LEONARDO MOREIRA,HABITAÃ‡ÃƒO,12
DEPUTADO LAFAYETTE DE ANDRADA,HABITAÃ‡ÃƒO,10
GOVERNADOR AÃ‰CIO NEVES,HABITAÃ‡ÃƒO,10
DEPUTADO GUSTAVO CORRÃŠA,HABITAÃ‡ÃƒO,9
DEPUTADO PAULO PIAU,HABITAÃ‡ÃƒO,8
DEPUTADO GLYCON TERRA PINTO,HABITAÃ‡ÃƒO,6
Deputado Cristiano Silveira,Homenagem,27
Deputada Laura Serrano,Homenagem,12
Deputado BetÃ£o,Homenagem,12
Deputado Mauro Tramonte,Homenagem,12
DEPUTADO ANTÃ”NIO ANDRADE,HOMENAGEM,9
DEPUTADO FÃBIO CHEREM,HOMENAGEM,9
GOVERNADOR ITAMAR FRANCO,HOMENAGEM,8
DEPUTADO ÃLVARO ANTÃ”NIO,HOMENAGEM,7
DEPUTADA ELAINE MATOZINHOS,HOMENAGEM,6
DEPUTADO DALMO RIBEIRO SILVA,HOMENAGEM,6
DEPUTADO FÃBIO AVELAR,HOMENAGEM,6
DEPUTADO LUIZ MENEZES,HOMENAGEM,6
DEPUTADO MÃRCIO CUNHA,HOMENAGEM,6
Deputado Cleitinho Azevedo,Idoso,30
Deputado Alencar da Silveira Jr.,Idoso,12
Deputado Carlos Pimenta,Idoso,10
Deputado Gil Pereira,Idoso,10
Deputado MissionÃ¡rio Marcio Santiago,Idoso,8
DEPUTADO FRED COSTA,IDOSO,82
DEPUTADO LEONARDO MOREIRA,IDOSO,18
DEPUTADO REINALDO DE LIMA,IDOSO,13
DEPUTADA ELAINE MATOZINHOS,IDOSO,8
DEPUTADA ANA MARIA RESENDE,IDOSO,7
DEPUTADO GILBERTO ABRAMO,IDOSO,7
DEPUTADO JOÃƒO LEITE,IDOSO,7
DEPUTADO AMBRÃ“SIO PINTO,IDOSO,6
GOVERNADOR AÃ‰CIO NEVES,IMÃ“VEL,256
GOVERNADOR ANTONIO AUGUSTO JUNHO ANASTASIA,IMÃ“VEL,95
DEPUTADO DALMO RIBEIRO SILVA,IMÃ“VEL,86
DEPUTADO FABIANO TOLENTINO,IMÃ“VEL,84
GOVERNADOR EDUARDO AZEREDO,IMÃ“VEL,57
DEPUTADO DINIS PINHEIRO,IMÃ“VEL,53
DEPUTADO LAFAYETTE DE ANDRADA,IMÃ“VEL,41
DEPUTADO INÃCIO FRANCO,IMÃ“VEL,40
GOVERNADOR HÃ‰LIO GARCIA,IMÃ“VEL,35
DEPUTADO CÃ‰LIO MOREIRA,IMÃ“VEL,34
DEPUTADO ZÃ‰ MAIA,IMÃ“VEL,33
DEPUTADO BOSCO,IMÃ“VEL,28
DEPUTADO BILAC PINTO,IMÃ“VEL,26
DEPUTADO IVAIR NOGUEIRA,IMÃ“VEL,26
DEPUTADO JOSÃ‰ HENRIQUE,IMÃ“VEL,24
GOVERNADOR ITAMAR FRANCO,IMÃ“VEL,24
Deputado Dalmo Ribeiro Silva,ImÃ³vel,87
Deputado Tito Torres,ImÃ³vel,70
Deputado Roberto Andrade,ImÃ³vel,58
Deputado InÃ¡cio Franco,ImÃ³vel,57
Deputado Arlen Santiago,ImÃ³vel,56
Deputado Durval Ã‚ngelo,ImÃ³vel,48
Deputado Lafayette de Andrada,ImÃ³vel,47
Deputado FÃ¡bio Avelar Oliveira,ImÃ³vel,46
Deputado Tiago Ulisses,ImÃ³vel,41
Deputado Arnaldo Silva,ImÃ³vel,32
Deputado Dirceu Ribeiro,ImÃ³vel,32
Deputado Raul BelÃ©m,ImÃ³vel,32
Deputado Thiago Cota,ImÃ³vel,32
Deputada Ione Pinheiro,ImÃ³vel,30
Deputado Tadeu Martins Leite,ImÃ³vel,30
DEPUTADO SÃVIO SOUZA CRUZ,IMPOSTO SOBRE A PROPRIEDADE DE VEÃCULOS AUTOMOTORES (IPVA),20
DEPUTADO GUSTAVO VALADARES,IMPOSTO SOBRE A PROPRIEDADE DE VEÃCULOS AUTOMOTORES (IPVA),10
DEPUTADO CARLOS HENRIQUE,IMPOSTO SOBRE A PROPRIEDADE DE VEÃCULOS AUTOMOTORES (IPVA),9
DEPUTADO CHICO RAFAEL,IMPOSTO SOBRE A PROPRIEDADE DE VEÃCULOS AUTOMOTORES (IPVA),8
DEPUTADO JOÃƒO LEITE,IMPOSTO SOBRE A PROPRIEDADE DE VEÃCULOS AUTOMOTORES (IPVA),8
DEPUTADO LEONARDO MOREIRA,IMPOSTO SOBRE A PROPRIEDADE DE VEÃCULOS AUTOMOTORES (IPVA),7
Governador Romeu Zema Neto,Imposto sobre a Propriedade de VeÃ­culos Automotores (IPVA),20
Deputado Coronel Sandro,Imposto sobre a Propriedade de VeÃ­culos Automotores (IPVA),12
Deputado Doutor Jean Freire,Imposto sobre a Propriedade de VeÃ­culos Automotores (IPVA),10
Deputado Mauro Tramonte,Imposto sobre a Propriedade de VeÃ­culos Automotores (IPVA),10
Deputado Alencar da Silveira Jr.,Imposto sobre a Propriedade de VeÃ­culos Automotores (IPVA),8
Deputado Cleitinho Azevedo,Imposto sobre CirculaÃ§Ã£o de Mercadorias e ServiÃ§os (ICMS),30
Deputado Elismar Prado,Imposto sobre CirculaÃ§Ã£o de Mercadorias e ServiÃ§os (ICMS),10
Governador Romeu Zema Neto,Imposto sobre CirculaÃ§Ã£o de Mercadorias e ServiÃ§os (ICMS),10
Deputado Gil Pereira,Imposto sobre CirculaÃ§Ã£o de Mercadorias e ServiÃ§os (ICMS),6
DEPUTADO ANTÃ”NIO ANDRADE,IMPOSTO SOBRE CIRCULAÃ‡ÃƒO DE MERCADORIAS E SERVIÃ‡OS (ICMS),18
GOVERNADOR EDUARDO AZEREDO,IMPOSTO SOBRE CIRCULAÃ‡ÃƒO DE MERCADORIAS E SERVIÃ‡OS (ICMS),17
DEPUTADO CÃ‰LIO MOREIRA,IMPOSTO SOBRE CIRCULAÃ‡ÃƒO DE MERCADORIAS E SERVIÃ‡OS (ICMS),14
DEPUTADO DUARTE BECHIR,IMPOSTO SOBRE CIRCULAÃ‡ÃƒO DE MERCADORIAS E SERVIÃ‡OS (ICMS),12
DEPUTADA ELISA COSTA,IMPOSTO SOBRE CIRCULAÃ‡ÃƒO DE MERCADORIAS E SERVIÃ‡OS (ICMS),9
DEPUTADO FRED COSTA,IMPOSTO SOBRE CIRCULAÃ‡ÃƒO DE MERCADORIAS E SERVIÃ‡OS (ICMS),9
DEPUTADO PAULO CÃ‰SAR,IMPOSTO SOBRE CIRCULAÃ‡ÃƒO DE MERCADORIAS E SERVIÃ‡OS (ICMS),9
DEPUTADO TARCÃSIO HENRIQUES,IMPOSTO SOBRE CIRCULAÃ‡ÃƒO DE MERCADORIAS E SERVIÃ‡OS (ICMS),7
GOVERNADOR AÃ‰CIO NEVES,IMPOSTO SOBRE CIRCULAÃ‡ÃƒO DE MERCADORIAS E SERVIÃ‡OS (ICMS),7
COMISSÃƒO ESPECIAL,IMPOSTO SOBRE CIRCULAÃ‡ÃƒO DE MERCADORIAS E SERVIÃ‡OS (ICMS),6
DEPUTADO AMILCAR MARTINS,IMPOSTO SOBRE CIRCULAÃ‡ÃƒO DE MERCADORIAS E SERVIÃ‡OS (ICMS),6
DEPUTADO LUIZ MENEZES,IMPOSTO SOBRE CIRCULAÃ‡ÃƒO DE MERCADORIAS E SERVIÃ‡OS (ICMS),6
DEPUTADO MÃRCIO CUNHA,IMPOSTO SOBRE CIRCULAÃ‡ÃƒO DE MERCADORIAS E SERVIÃ‡OS (ICMS),6
GOVERNADOR ITAMAR FRANCO,IMPOSTO SOBRE CIRCULAÃ‡ÃƒO DE MERCADORIAS E SERVIÃ‡OS (ICMS),6
DEPUTADO GERALDO REZENDE,IMPOSTO SOBRE CIRCULAÃ‡ÃƒO DE MERCADORIAS E SERVIÃ‡OS (ICMS),5
GOVERNADOR HÃ‰LIO GARCIA,IMPOSTO SOBRE CIRCULAÃ‡ÃƒO DE MERCADORIAS E SERVIÃ‡OS (ICMS),5
GOVERNADOR HÃ‰LIO GARCIA,IMPRENSA OFICIAL DO ESTADO DE MINAS GERAIS (IOMG),11
GOVERNADOR NEWTON CARDOSO,IMPRENSA OFICIAL DO ESTADO DE MINAS GERAIS (IOMG),5
Deputado Cleitinho Azevedo,Incentivo Fiscal,40
Deputado Gil Pereira,Incentivo Fiscal,10
DEPUTADO GUSTAVO VALADARES,INCENTIVO FISCAL,12
DEPUTADO LEONARDO MOREIRA,INCENTIVO FISCAL,12
DEPUTADO LUIZ HENRIQUE,INCENTIVO FISCAL,9
DEPUTADO ANDRÃ‰ QUINTÃƒO,INDÃGENA,32
COMISSÃƒO PARTICIPAÃ‡ÃƒO POPULAR,INDÃGENA,9
DEPUTADO WANDER BORGES,INDÃGENA,9
Deputado Felipe AttiÃª,IndÃºstria,32
Deputado Lafayette de Andrada,IndÃºstria,32
Deputado Cristiano Silveira,IndÃºstria ComÃ©rcio e ServiÃ§o,9
Deputado Noraldino JÃºnior,IndÃºstria ComÃ©rcio e ServiÃ§o,9
Deputado Cleitinho Azevedo,"IndÃºstria, ComÃ©rcio e ServiÃ§os",110
Deputado AntÃ´nio Jorge,"IndÃºstria, ComÃ©rcio e ServiÃ§os",40
Deputado Alencar da Silveira Jr.,"IndÃºstria, ComÃ©rcio e ServiÃ§os",39
Deputado Bosco,"IndÃºstria, ComÃ©rcio e ServiÃ§os",20
Deputado Coronel Henrique,"IndÃºstria, ComÃ©rcio e ServiÃ§os",20
Deputado Gil Pereira,"IndÃºstria, ComÃ©rcio e ServiÃ§os",20
Deputado Betinho Pinto Coelho,"IndÃºstria, ComÃ©rcio e ServiÃ§os",12
Deputado Douglas Melo,"IndÃºstria, ComÃ©rcio e ServiÃ§os",12
Deputado Glaycon Franco,"IndÃºstria, ComÃ©rcio e ServiÃ§os",12
Deputado ZÃ© Reis,"IndÃºstria, ComÃ©rcio e ServiÃ§os",12
Deputada Ana Paula Siqueira,"IndÃºstria, ComÃ©rcio e ServiÃ§os",10
Deputado AndrÃ© QuintÃ£o,"IndÃºstria, ComÃ©rcio e ServiÃ§os",10
Deputado Antonio Carlos Arantes,"IndÃºstria, ComÃ©rcio e ServiÃ§os",10
Deputado Carlos Pimenta,"IndÃºstria, ComÃ©rcio e ServiÃ§os",10
Deputado Guilherme da Cunha,"IndÃºstria, ComÃ©rcio e ServiÃ§os",10
Deputado JoÃ£o Leite,"IndÃºstria, ComÃ©rcio e ServiÃ§os",10
Deputado Luiz Humberto Carneiro,"IndÃºstria, ComÃ©rcio e ServiÃ§os",10
DEPUTADO ANSELMO JOSÃ‰ DOMINGOS,INDÃšSTRIA,11
GOVERNADOR EDUARDO AZEREDO,INDÃšSTRIA,10
GOVERNADOR ITAMAR FRANCO,INDÃšSTRIA,8
DEPUTADO LEONARDO MOREIRA,INDÃšSTRIA,7
GOVERNADOR AÃ‰CIO NEVES,INDÃšSTRIA,7
DEPUTADA ELBE BRANDÃƒO,INDÃšSTRIA,6
DEPUTADO DALMO RIBEIRO SILVA,INDÃšSTRIA,6
DEPUTADO IVAIR NOGUEIRA,INDÃšSTRIA,6
GOVERNADOR HÃ‰LIO GARCIA,INDÃšSTRIA,5
DEPUTADO GUSTAVO VALADARES,"INDÃšSTRIA, COMÃ‰RCIO E SERVIÃ‡OS",28
DEPUTADO LEONARDO MOREIRA,"INDÃšSTRIA, COMÃ‰RCIO E SERVIÃ‡OS",12
DEPUTADO DEIRÃ“ MARRA,"INDÃšSTRIA, COMÃ‰RCIO E SERVIÃ‡OS",11
DEPUTADO FRED COSTA,"INDÃšSTRIA, COMÃ‰RCIO E SERVIÃ‡OS",9
MESA DA ASSEMBLÃ‰IA,INSTITUTO DE PREVIDÃŠNCIA DO LEGISLATIVO DO ESTADO DE MINAS GERAIS (IPLEMG),11
MESA DA ASSEMBLEIA,INSTITUTO DE PREVIDÃŠNCIA DO LEGISLATIVO DO ESTADO DE MINAS GERAIS (IPLEMG),10
DEPUTADO IVAIR NOGUEIRA,INSTITUTO DE PREVIDÃŠNCIA DOS SERVIDORES DO ESTADO DE MINAS GERAIS (IPSEMG),20
GOVERNADOR AÃ‰CIO NEVES,INSTITUTO DE PREVIDÃŠNCIA DOS SERVIDORES DO ESTADO DE MINAS GERAIS (IPSEMG),14
DEPUTADO SEBASTIÃƒO COSTA,INSTITUTO DE PREVIDÃŠNCIA DOS SERVIDORES DO ESTADO DE MINAS GERAIS (IPSEMG),6
GOVERNADOR HÃ‰LIO GARCIA,INSTITUTO DE PREVIDÃŠNCIA DOS SERVIDORES DO ESTADO DE MINAS GERAIS (IPSEMG),6
GOVERNADOR ITAMAR FRANCO,INSTITUTO DE PREVIDÃŠNCIA DOS SERVIDORES DO ESTADO DE MINAS GERAIS (IPSEMG),6
GOVERNADOR AÃ‰CIO NEVES,INSTITUTO DE PREVIDÃŠNCIA SERVIDORES MILITARES ESTADO MINAS GERAIS (IPSM),24
GOVERNADOR HÃ‰LIO GARCIA,INSTITUTO DE PREVIDÃŠNCIA SERVIDORES MILITARES ESTADO MINAS GERAIS (IPSM),13
GOVERNADOR NEWTON CARDOSO,INSTITUTO DE PREVIDÃŠNCIA SERVIDORES MILITARES ESTADO MINAS GERAIS (IPSM),5
GOVERNADOR AÃ‰CIO NEVES,INSTITUTO ESTADUAL DE FLORESTAS (IEF),10
GOVERNADOR HÃ‰LIO GARCIA,INSTITUTO ESTADUAL DE FLORESTAS (IEF),5
DEPUTADO DIMAS RODRIGUES,INSTITUTO MINEIRO DE AGROPECUÃRIA (IMA),6
GOVERNADOR HÃ‰LIO GARCIA,INSTITUTO MINEIRO DE AGROPECUÃRIA (IMA),5
Deputado Alencar da Silveira Jr.,Jogo de Azar,32
COMISSÃƒO PARLAMENTAR DE INQUÃ‰RITO,JOGO DE AZAR,10
DEPUTADO ALENCAR DA SILVEIRA JÃšNIOR,JOGO DE AZAR,6
Tribunal de JustiÃ§a,JudiciÃ¡rio,10
TRIBUNAL DE JUSTIÃ‡A,JUDICIÃRIO,106
DEPUTADO GUSTAVO VALADARES,JUDICIÃRIO,10
GOVERNADOR EDUARDO AZEREDO,JUDICIÃRIO,10
DEPUTADO DURVAL Ã‚NGELO,JUDICIÃRIO,9
DEPUTADO ROGÃ‰RIO CORREIA,JUDICIÃRIO,9
DEPUTADO LEONARDO MOREIRA,JUDICIÃRIO,7
DEPUTADO MÃRCIO MIRANDA,JUDICIÃRIO,7
DEPUTADO ADELINO DE CARVALHO,JUDICIÃRIO,6
DEPUTADO GERALDO REZENDE,JUDICIÃRIO,5
DEPUTADO ROMEU QUEIROZ,JUDICIÃRIO,5
GOVERNADOR NEWTON CARDOSO,JUDICIÃRIO,5
Deputada Ana Paula Siqueira,Legislativo,10
Deputada AndrÃ©ia de Jesus,Legislativo,10
Deputada Beatriz Cerqueira,Legislativo,10
Deputada Leninha,Legislativo,10
COMISSÃƒO PARTICIPAÃ‡ÃƒO POPULAR,LEGISLATIVO,12
DEPUTADO TONINHO ZEITUNE,LEGISLATIVO,7
MESA DA ASSEMBLÃ‰IA,LEGISLATIVO,6
DEPUTADO GERALDO REZENDE,LEGISLATIVO,5
DEPUTADO SEBASTIÃƒO NAVARRO VIEIRA,LEGISLATIVO,5
DEPUTADO LEONARDO MOREIRA,LICITAÃ‡ÃƒO,29
DEPUTADO JUAREZ TÃVORA,LICITAÃ‡ÃƒO,11
DEPUTADO ANTÃ”NIO CARLOS PEREIRA,LICITAÃ‡ÃƒO,10
GOVERNADOR AÃ‰CIO NEVES,LICITAÃ‡ÃƒO,10
DEPUTADO SARGENTO RODRIGUES,LICITAÃ‡ÃƒO,9
DEPUTADO SEBASTIÃƒO NAVARRO VIEIRA,LICITAÃ‡ÃƒO,8
DEPUTADO JOÃƒO BATISTA DE OLIVEIRA,LICITAÃ‡ÃƒO,6
Deputado Alencar da Silveira Jr.,Loteria do Estado de Minas Gerais (LEMG),32
Deputado Cristiano Silveira,Loteria do Estado de Minas Gerais (LEMG),32
DEPUTADO ALENCAR DA SILVEIRA JÃšNIOR,LOTERIA DO ESTADO DE MINAS GERAIS (LEMG),6
COMISSÃƒO PARLAMENTAR DE INQUÃ‰RITO,LOTERIA DO ESTADO DE MINAS GERAIS (LEMG),5
Deputado Luiz Humberto Carneiro,Meio Ambiente,70
Deputado Felipe AttiÃª,Meio Ambiente,64
Deputado Cleitinho Azevedo,Meio Ambiente,60
Deputada Ione Pinheiro,Meio Ambiente,32
Deputado AntÃ´nio Carlos Arantes,Meio Ambiente,32
Deputado Celinho do Sinttrocel,Meio Ambiente,32
Deputado Iran Barbosa,Meio Ambiente,32
Deputado Tito Torres,Meio Ambiente,32
Deputada Beatriz Cerqueira,Meio Ambiente,20
Deputado Bosco,Meio Ambiente,20
Deputado Alencar da Silveira Jr.,Meio Ambiente,14
Deputado Betinho Pinto Coelho,Meio Ambiente,12
Deputado Coronel Henrique,Meio Ambiente,12
Deputado Glaycon Franco,Meio Ambiente,12
Deputado Mauro Tramonte,Meio Ambiente,12
Deputado Professor Cleiton,Meio Ambiente,12
Governador Romeu Zema Neto,Meio Ambiente,12
GOVERNADOR AÃ‰CIO NEVES,MEIO AMBIENTE,60
DEPUTADO LEONARDO MOREIRA,MEIO AMBIENTE,51
DEPUTADO FRED COSTA,MEIO AMBIENTE,50
DEPUTADA LIZA PRADO,MEIO AMBIENTE,46
DEPUTADO ADALCLEVER LOPES,MEIO AMBIENTE,38
DEPUTADO DÃ‰LIO MALHEIROS,MEIO AMBIENTE,30
DEPUTADO ROBERTO CARVALHO,MEIO AMBIENTE,30
DEPUTADO CÃ‰LIO MOREIRA,MEIO AMBIENTE,28
DEPUTADO SÃVIO SOUZA CRUZ,MEIO AMBIENTE,28
DEPUTADO SEBASTIÃƒO COSTA,MEIO AMBIENTE,28
DEPUTADO GIL PEREIRA,MEIO AMBIENTE,26
DEPUTADO ANSELMO JOSÃ‰ DOMINGOS,MEIO AMBIENTE,20
DEPUTADO BRAULIO BRAZ,MEIO AMBIENTE,20
DEPUTADO DINIS PINHEIRO,MEIO AMBIENTE,20
DEPUTADO PAULO GUEDES,MEIO AMBIENTE,20
DEPUTADO VANDERLEI JANGROSSI,MEIO AMBIENTE,20
Deputado Luiz Humberto Carneiro,MineraÃ§Ã£o,64
Deputado Celinho do Sinttrocel,MineraÃ§Ã£o,32
Deputado Fred Costa,MineraÃ§Ã£o,32
Deputado Iran Barbosa,MineraÃ§Ã£o,32
Deputada Beatriz Cerqueira,MineraÃ§Ã£o,10
Procurador-Geral de JustiÃ§a,MinistÃ©rio PÃºblico do Estado de Minas Gerais (MPMG),19
Deputado Felipe AttiÃª,MinistÃ©rio PÃºblico do Estado de Minas Gerais (MPMG),9
PROCURADOR-GERAL DE JUSTIÃ‡A,MINISTÃ‰RIO PÃšBLICO DO ESTADO DE MINAS GERAIS (MPMG),57
GOVERNADOR NEWTON CARDOSO,MINISTÃ‰RIO PÃšBLICO DO ESTADO DE MINAS GERAIS (MPMG),15
DEPUTADO DALMO RIBEIRO SILVA,MINISTÃ‰RIO PÃšBLICO DO ESTADO DE MINAS GERAIS (MPMG),10
GOVERNADOR ANTONIO AUGUSTO JUNHO ANASTASIA,MINISTÃ‰RIO PÃšBLICO DO ESTADO DE MINAS GERAIS (MPMG),10
Deputada Beatriz Cerqueira,Mulher,20
Deputado Sargento Rodrigues,Mulher,20
Deputada Ana Paula Siqueira,Mulher,10
Deputada AndrÃ©ia de Jesus,Mulher,10
Deputada Leninha,Mulher,10
Deputado Cleitinho Azevedo,Mulher,10
Deputado Coronel Sandro,Mulher,10
Deputada MarÃ­lia Campos,Mulher,9
Deputado MissionÃ¡rio Marcio Santiago,Mulher,8
Deputado RogÃ©rio Correia,Mulher,8
Deputada Geisa Teixeira,Mulher,6
DEPUTADO DOUTOR WILSON BATISTA,MULHER,28
DEPUTADO EROS BIONDINI,MULHER,20
DEPUTADA ANA MARIA RESENDE,MULHER,14
DEPUTADO ADELMO CARNEIRO LEÃƒO,MULHER,11
DEPUTADO CABO JÃšLIO,MULHER,11
DEPUTADO LEONARDO MOREIRA,MULHER,11
GOVERNADOR ANTONIO AUGUSTO JUNHO ANASTASIA,MUNICÃPIOS E DESENVOLVIMENTO REGIONAL,28
BANCADA DO PMDB,MUNICÃPIOS E DESENVOLVIMENTO REGIONAL,14
GOVERNADOR HÃ‰LIO GARCIA,MUNICÃPIOS E DESENVOLVIMENTO REGIONAL,12
GOVERNADOR ITAMAR FRANCO,MUNICÃPIOS E DESENVOLVIMENTO REGIONAL,12
DEPUTADO DALMO RIBEIRO SILVA,MUNICÃPIOS E DESENVOLVIMENTO REGIONAL,10
DEPUTADO ANTÃ”NIO JÃšLIO,MUNICÃPIOS E DESENVOLVIMENTO REGIONAL,7
GOVERNADOR EDUARDO AZEREDO,MUNICÃPIOS E DESENVOLVIMENTO REGIONAL,7
DEPUTADO ÃLVARO ANTÃ”NIO,MUNICÃPIOS E DESENVOLVIMENTO REGIONAL,6
DEPUTADO CHICO RAFAEL,MUNICÃPIOS E DESENVOLVIMENTO REGIONAL,6
DEPUTADO GERALDO REZENDE,MUNICÃPIOS E DESENVOLVIMENTO REGIONAL,6
DEPUTADO ROBERTO AMARAL,MUNICÃPIOS E DESENVOLVIMENTO REGIONAL,6
DEPUTADA MARIA ELVIRA,MUNICÃPIOS E DESENVOLVIMENTO REGIONAL,5
DEPUTADA MARIA JOSÃ‰ HAUEISEN,MUNICÃPIOS E DESENVOLVIMENTO REGIONAL,5
DEPUTADO DIMAS RODRIGUES,MUNICÃPIOS E DESENVOLVIMENTO REGIONAL,5
DEPUTADO REINALDO DE LIMA,MUNICÃPIOS E DESENVOLVIMENTO REGIONAL,5
DEPUTADO SEBASTIÃƒO NAVARRO VIEIRA,MUNICÃPIOS E DESENVOLVIMENTO REGIONAL,5
Deputado Felipe AttiÃª,MunicÃ­pios e Desenvolvimento Regional,32
Deputado Lafayette de Andrada,MunicÃ­pios e Desenvolvimento Regional,32
Deputado Alencar da Silveira Jr.,MunicÃ­pios e Desenvolvimento Regional,16
Deputada Leninha,MunicÃ­pios e Desenvolvimento Regional,12
Deputado Betinho Pinto Coelho,MunicÃ­pios e Desenvolvimento Regional,12
Deputado Coronel Henrique,MunicÃ­pios e Desenvolvimento Regional,12
Deputado SÃ¡vio Souza Cruz,MunicÃ­pios e Desenvolvimento Regional,12
Deputado Cleitinho Azevedo,MunicÃ­pios e Desenvolvimento Regional,10
Deputado Cristiano Silveira,MunicÃ­pios e Desenvolvimento Regional,9
Deputado RogÃ©rio Correia,MunicÃ­pios e Desenvolvimento Regional,8
Deputado Paulo Lamac,Negro,32
Deputado BetÃ£o,Negro,12
Deputado Mauro Tramonte,Negro,12
Deputado Osvaldo Lopes,Negro,12
Deputado RogÃ©rio Correia,Negro,8
COMISSÃƒO PARTICIPAÃ‡ÃƒO POPULAR,NEGRO,9
DEPUTADO WANDER BORGES,NEGRO,9
Deputado Agostinho Patrus,Norma,12
Deputado Bosco,Norma,12
Deputado Sargento Rodrigues,Norma,12
Deputado Guilherme da Cunha,Norma,10
Deputado ZÃ© Guilherme,Norma,10
Deputado AntÃ´nio Jorge,Norma,8
Deputado Dalmo Ribeiro Silva,Norma,6
Deputado LÃ©o Portela,Norma,6
Governador Fernando Damata Pimentel,OrÃ§amento,53
COMISSÃƒO PARTICIPAÃ‡ÃƒO POPULAR,ORÃ‡AMENTO,22
DEPUTADO DOMINGOS SÃVIO,ORÃ‡AMENTO,10
DEPUTADO GUSTAVO VALADARES,ORÃ‡AMENTO,10
GOVERNADOR ANTONIO AUGUSTO JUNHO ANASTASIA,ORÃ‡AMENTO,10
GOVERNADOR HÃ‰LIO GARCIA,ORÃ‡AMENTO,10
GOVERNADOR EDUARDO AZEREDO,ORÃ‡AMENTO,5
GOVERNADOR NEWTON CARDOSO,ORÃ‡AMENTO,5
MESA DA ASSEMBLÃ‰IA,ORÃ‡AMENTO,5
Deputado MissionÃ¡rio Marcio Santiago,OrganizaÃ§Ã£o Administrativa,32
Governador Fernando Damata Pimentel,OrganizaÃ§Ã£o Administrativa,15
Governador Romeu Zema Neto,OrganizaÃ§Ã£o Administrativa,12
Deputada Beatriz Cerqueira,OrganizaÃ§Ã£o Administrativa,10
Deputado Luiz Humberto Carneiro,OrganizaÃ§Ã£o Administrativa,6
GOVERNADOR HÃ‰LIO GARCIA,ORGANIZAÃ‡ÃƒO ADMINISTRATIVA,108
GOVERNADOR FERNANDO DAMATA PIMENTEL,ORGANIZAÃ‡ÃƒO ADMINISTRATIVA,64
DEPUTADO RUY MUNIZ,ORGANIZAÃ‡ÃƒO ADMINISTRATIVA,20
GOVERNADOR AÃ‰CIO NEVES,ORGANIZAÃ‡ÃƒO ADMINISTRATIVA,16
GOVERNADOR NEWTON CARDOSO,ORGANIZAÃ‡ÃƒO ADMINISTRATIVA,15
GOVERNADOR EDUARDO AZEREDO,ORGANIZAÃ‡ÃƒO ADMINISTRATIVA,12
GOVERNADOR ITAMAR FRANCO,ORGANIZAÃ‡ÃƒO ADMINISTRATIVA,12
DEPUTADO PAULO PETTERSEN,ORGANIZAÃ‡ÃƒO ADMINISTRATIVA,8
TRIBUNAL DE JUSTIÃ‡A,ORGANIZAÃ‡ÃƒO ADMINISTRATIVA,7
Deputado SÃ¡vio Souza Cruz,PatrimÃ´nio,12
Deputado Bruno Engler,PatrimÃ´nio,10
Deputado Cleitinho Azevedo,PatrimÃ´nio,10
Deputado Marquinho Lemos,PatrimÃ´nio Cultural,12
Deputado ZÃ© Reis,PatrimÃ´nio Cultural,12
Deputada Beatriz Cerqueira,PatrimÃ´nio Cultural,10
Deputado Bruno Engler,PatrimÃ´nio Cultural,10
Deputado JoÃ£o Leite,PatrimÃ´nio Cultural,10
Deputado Cristiano Silveira,PatrimÃ´nio Cultural,9
Deputado RogÃ©rio Correia,PatrimÃ´nio Cultural,8
Deputado Bosco,PatrimÃ´nio Cultural,6
Deputado Cristiano Silveira,Pessoa com DeficiÃªncia,42
Deputado AntÃ´nio Jorge,Pessoa com DeficiÃªncia,32
Deputado Fred Costa,Pessoa com DeficiÃªncia,32
Deputado Isauro Calais,Pessoa com DeficiÃªncia,32
Deputado Cleitinho Azevedo,Pessoa com DeficiÃªncia,30
Deputado Alencar da Silveira Jr.,Pessoa com DeficiÃªncia,24
Deputada Ana Paula Siqueira,Pessoa com DeficiÃªncia,10
Deputado Carlos Pimenta,Pessoa com DeficiÃªncia,10
Deputado Celinho Sintrocel,Pessoa com DeficiÃªncia,10
Deputado Doutor Jean Freire,Pessoa com DeficiÃªncia,10
Deputado ZÃ© Guilherme,Pessoa com DeficiÃªncia,10
Deputado AntÃ´nio Lerin,Pessoa com DeficiÃªncia,8
Deputado MissionÃ¡rio Marcio Santiago,Pessoa com DeficiÃªncia,8
DEPUTADO FRED COSTA,PESSOA COM DEFICIÃŠNCIA,64
DEPUTADO DALMO RIBEIRO SILVA,PESSOA COM DEFICIÃŠNCIA,55
DEPUTADO WALTER TOSTA,PESSOA COM DEFICIÃŠNCIA,20
DEPUTADO AMBRÃ“SIO PINTO,PESSOA COM DEFICIÃŠNCIA,18
DEPUTADO JOÃƒO LEITE,PESSOA COM DEFICIÃŠNCIA,18
DEPUTADA MARIA TEREZA LARA,PESSOA COM DEFICIÃŠNCIA,16
DEPUTADO ALENCAR DA SILVEIRA JR,PESSOA COM DEFICIÃŠNCIA,10
DEPUTADO GUSTAVO VALADARES,PESSOA COM DEFICIÃŠNCIA,10
COMISSÃƒO PARTICIPAÃ‡ÃƒO POPULAR,PESSOA COM DEFICIÃŠNCIA,9
DEPUTADA LÃšCIA PACÃFICO,PESSOA COM DEFICIÃŠNCIA,9
DEPUTADO LEONARDO MOREIRA,PESSOA COM DEFICIÃŠNCIA,9
DEPUTADO WANDER BORGES,PESSOA COM DEFICIÃŠNCIA,9
DEPUTADA ELAINE MATOZINHOS,PESSOA COM DEFICIÃŠNCIA,8
DEPUTADO CHICO RAFAEL,PESSOA COM DEFICIÃŠNCIA,8
DEPUTADO JOÃƒO PINTO RIBEIRO,PESSOA COM DEFICIÃŠNCIA,8
Deputado MissionÃ¡rio Marcio Santiago,Pessoal,104
Governador Fernando Damata Pimentel,Pessoal,65
Tribunal de JustiÃ§a,Pessoal,61
Deputada Beatriz Cerqueira,Pessoal,54
Deputado Cleitinho Azevedo,Pessoal,40
Deputado Duarte Bechir,Pessoal,40
Deputado Paulo Lamac,Pessoal,40
Deputado RogÃ©rio Correia,Pessoal,40
Deputado Sargento Rodrigues,Pessoal,32
Governador Romeu Zema Neto,Pessoal,22
Deputado Doutor Jean Freire,Pessoal,20
Procurador-Geral de JustiÃ§a,Pessoal,19
Defensoria PÃºblica,Pessoal,16
Mesa da Assembleia,Pessoal,16
Deputado LÃ©o Portela,Pessoal,14
GOVERNADOR AÃ‰CIO NEVES,PESSOAL,323
TRIBUNAL DE JUSTIÃ‡A,PESSOAL,124
GOVERNADOR FERNANDO DAMATA PIMENTEL,PESSOAL,96
GOVERNADOR ANTONIO AUGUSTO JUNHO ANASTASIA,PESSOAL,87
GOVERNADOR HÃ‰LIO GARCIA,PESSOAL,77
PROCURADOR-GERAL DE JUSTIÃ‡A,PESSOAL,48
GOVERNADOR NEWTON CARDOSO,PESSOAL,45
GOVERNADOR ITAMAR FRANCO,PESSOAL,38
MESA DA ASSEMBLEIA,PESSOAL,38
TRIBUNAL DE CONTAS,PESSOAL,37
DEPUTADO RUY MUNIZ,PESSOAL,32
GOVERNADOR EDUARDO AZEREDO,PESSOAL,31
MESA DA ASSEMBLÃ‰IA,PESSOAL,28
DEPUTADO LEONARDO MOREIRA,PESSOAL,21
DEPUTADO JOSÃ‰ BONIFÃCIO,PESSOAL,17
Deputado Alencar da Silveira Jr.,Pessoal Militar,10
Governador Romeu Zema Neto,Pessoal Militar,10
Deputado Cabo JÃºlio,Pessoal Militar,8
Governador Fernando Damata Pimentel,Pessoal Militar,6
GOVERNADOR HÃ‰LIO GARCIA,PESSOAL MILITAR,15
DEPUTADO LEONARDO MOREIRA,PESSOAL MILITAR,12
GOVERNADOR AÃ‰CIO NEVES,PESSOAL MILITAR,10
GOVERNADOR ITAMAR FRANCO,PESSOAL MILITAR,8
DEPUTADO EDUARDO BRÃS,PESSOAL MILITAR,6
GOVERNADOR NEWTON CARDOSO,PESSOAL MILITAR,5
DEPUTADO LEONARDO MOREIRA,POLÃCIA CIVIL DO ESTADO DE MINAS GERAIS (PCMG),12
GOVERNADOR AÃ‰CIO NEVES,POLÃCIA CIVIL DO ESTADO DE MINAS GERAIS (PCMG),7
GOVERNADOR HÃ‰LIO GARCIA,POLÃCIA CIVIL DO ESTADO DE MINAS GERAIS (PCMG),7
DEPUTADO LEONARDO MOREIRA,POLÃCIA MILITAR DO ESTADO DE MINAS GERAIS (PMMG),24
GOVERNADOR HÃ‰LIO GARCIA,POLÃCIA MILITAR DO ESTADO DE MINAS GERAIS (PMMG),15
GOVERNADOR AÃ‰CIO NEVES,POLÃCIA MILITAR DO ESTADO DE MINAS GERAIS (PMMG),14
GOVERNADOR NEWTON CARDOSO,POLÃCIA MILITAR DO ESTADO DE MINAS GERAIS (PMMG),10
DEPUTADO FRED COSTA,POLÃCIA MILITAR DO ESTADO DE MINAS GERAIS (PMMG),9
DEPUTADO EDUARDO BRÃS,POLÃCIA MILITAR DO ESTADO DE MINAS GERAIS (PMMG),6
GOVERNADOR ITAMAR FRANCO,POLÃTICA FUNDIÃRIA,20
DEPUTADO CLEUBER CARNEIRO,POLÃTICA FUNDIÃRIA,17
DEPUTADA MARIA TEREZA LARA,POLÃTICA FUNDIÃRIA,14
DEPUTADO SEBASTIÃƒO COSTA,POLÃTICA FUNDIÃRIA,9
Governador Romeu Zema Neto,PolÃ­cia Militar do Estado de Minas Gerais (PMMG),10
Deputado Cabo JÃºlio,PolÃ­cia Militar do Estado de Minas Gerais (PMMG),8
Governador Fernando Damata Pimentel,PolÃ­cia Militar do Estado de Minas Gerais (PMMG),6
Deputado Cleitinho Azevedo,PolÃ­tica FundiÃ¡ria,10
Governador Fernando Damata Pimentel,PolÃ­tica FundiÃ¡ria,6
Deputado Mauro Tramonte,Povos e Comunidades Tradicionais,12
Deputado Carlos Pimenta,Povos e Comunidades Tradicionais,10
GOVERNADOR AÃ‰CIO NEVES,PRÃ“PRIO PÃšBLICO,255
GOVERNADOR ITAMAR FRANCO,PRÃ“PRIO PÃšBLICO,48
GOVERNADOR ANTONIO AUGUSTO JUNHO ANASTASIA,PRÃ“PRIO PÃšBLICO,47
DEPUTADA ELISA ALVES,PRÃ“PRIO PÃšBLICO,42
DEPUTADO SEBASTIÃƒO COSTA,PRÃ“PRIO PÃšBLICO,35
DEPUTADO GUSTAVO VALADARES,PRÃ“PRIO PÃšBLICO,34
DEPUTADO IVAIR NOGUEIRA,PRÃ“PRIO PÃšBLICO,31
DEPUTADO JOÃƒO VÃTOR XAVIER,PRÃ“PRIO PÃšBLICO,28
DEPUTADO IRANI BARBOSA,PRÃ“PRIO PÃšBLICO,27
DEPUTADO BONIFÃCIO MOURÃƒO,PRÃ“PRIO PÃšBLICO,23
DEPUTADO ADEMIR LUCAS,PRÃ“PRIO PÃšBLICO,20
DEPUTADO DELVITO ALVES,PRÃ“PRIO PÃšBLICO,20
DEPUTADO DOMINGOS SÃVIO,PRÃ“PRIO PÃšBLICO,20
DEPUTADO DURVAL Ã‚NGELO,PRÃ“PRIO PÃšBLICO,20
DEPUTADO ANDERSON ADAUTO,PRÃ“PRIO PÃšBLICO,19
DEPUTADO CARLOS PIMENTA,PRÃ“PRIO PÃšBLICO,19
DEPUTADO DALMO RIBEIRO SILVA,PRÃ“PRIO PÃšBLICO,19
Governador Fernando Damata Pimentel,PrÃ³prio PÃºblico,39
Deputada Beatriz Cerqueira,PrÃ³prio PÃºblico,34
Deputado Elismar Prado,PrÃ³prio PÃºblico,32
Deputado Geraldo Pimenta,PrÃ³prio PÃºblico,32
Deputado Hely TarqÃ¼Ã­nio,PrÃ³prio PÃºblico,32
Deputado Roberto Andrade,PrÃ³prio PÃºblico,25
Deputado Alencar da Silveira Jr.,PrÃ³prio PÃºblico,22
Deputado Tadeu Martins Leite,PrÃ³prio PÃºblico,22
Deputado Duarte Bechir,PrÃ³prio PÃºblico,10
Deputado JoÃ£o Leite,PrÃ³prio PÃºblico,10
Deputado JoÃ£o MagalhÃ£es,PrÃ³prio PÃºblico,10
Deputado MÃ¡rio Henrique Caixa,PrÃ³prio PÃºblico,10
Deputado Mauro Tramonte,PrÃ³prio PÃºblico,10
Deputada MarÃ­lia Campos,PrÃ³prio PÃºblico,9
Deputado Gustavo CorrÃªa,PrÃ³prio PÃºblico,9
Deputado RogÃ©rio Correia,PrÃ³prio PÃºblico,9
Deputado Tiago Ulisses,PrÃ³prio PÃºblico,9
Tribunal de JustiÃ§a,PrÃ³prio PÃºblico,9
DEPUTADO MIGUEL MARTINI,PRESTAÃ‡ÃƒO DE CONTAS,6
GOVERNADOR HÃ‰LIO GARCIA,PRESTAÃ‡ÃƒO DE CONTAS,5
Governador Fernando Damata Pimentel,PrevidÃªncia Social,6
DEPUTADO WANDERLEY ÃVILA,PREVIDÃŠNCIA SOCIAL,8
DEPUTADO HELY TARQÃœÃNIO,PREVIDÃŠNCIA SOCIAL,7
Deputado Cleitinho Azevedo,ProteÃ§Ã£o aos Animais,50
Deputado Noraldino JÃºnior,ProteÃ§Ã£o aos Animais,21
Deputado Anselmo JosÃ© Domingos,ProteÃ§Ã£o aos Animais,9
Deputada Ione Pinheiro,ProteÃ§Ã£o aos Animais,6
DEPUTADO FRED COSTA,PROTEÃ‡ÃƒO AOS ANIMAIS,164
DEPUTADO ALENCAR DA SILVEIRA JR,PROTEÃ‡ÃƒO AOS ANIMAIS,11
DEPUTADO ANSELMO JOSÃ‰ DOMINGOS,PROTEÃ‡ÃƒO AOS ANIMAIS,9
DEPUTADO FÃBIO CHEREM,PROTEÃ‡ÃƒO AOS ANIMAIS,9
Deputado Coronel Sandro,PublicaÃ§Ã£o Oficial,10
Deputado Doutor Jean Freire,PublicaÃ§Ã£o Oficial,10
Deputado Sargento Rodrigues,PublicaÃ§Ã£o Oficial,10
MESA DA ASSEMBLÃ‰IA,PUBLICAÃ‡ÃƒO OFICIAL,5
DEPUTADO PAULO GUEDES,RECURSO HÃDRICO,20
DEPUTADO VANDERLEI JANGROSSI,RECURSO HÃDRICO,20
GOVERNADOR AÃ‰CIO NEVES,RECURSO HÃDRICO,20
DEPUTADO LEONARDO MOREIRA,RECURSO HÃDRICO,18
DEPUTADO RICARDO DUARTE,RECURSO HÃDRICO,14
DEPUTADO GERALDO REZENDE,RECURSO HÃDRICO,7
DEPUTADO PAULO PIAU,RECURSO HÃDRICO,7
Deputado Felipe AttiÃª,Recurso HÃ­drico,32
Deputado Tito Torres,Recurso HÃ­drico,32
Deputado Coronel Henrique,Recurso HÃ­drico,12
Deputado Doutor Jean Freire,Recurso HÃ­drico,12
Deputado Cleitinho Azevedo,Recurso HÃ­drico,10
DEPUTADO ALENCAR DA SILVEIRA JR,REGIÃƒO METROPOLITANA,11
Deputado Gil Pereira,Regulamento,6
Deputado Marquinho Lemos,ReligiÃ£o,12
Deputado ZÃ© Reis,ReligiÃ£o,12
DEPUTADO GEORGE HILTON,RELIGIÃƒO,7
DEPUTADO MÃRCIO PASSOS,RELIGIÃƒO,7
DEPUTADO ADELINO DE CARVALHO,RELIGIÃƒO,6
Deputado Cleitinho Azevedo,SaÃºde PÃºblica,90
Deputado AntÃ´nio Jorge,SaÃºde PÃºblica,89
Deputada Ione Pinheiro,SaÃºde PÃºblica,44
Deputado Douglas Melo,SaÃºde PÃºblica,32
Deputado Isauro Calais,SaÃºde PÃºblica,32
Deputado Antonio Carlos Arantes,SaÃºde PÃºblica,22
Deputado Doutor Jean Freire,SaÃºde PÃºblica,22
Deputada Ana Paula Siqueira,SaÃºde PÃºblica,20
Deputado Bruno Engler,SaÃºde PÃºblica,20
Deputado Coronel Henrique,SaÃºde PÃºblica,20
Deputado LÃ©o Portela,SaÃºde PÃºblica,16
Deputado MissionÃ¡rio Marcio Santiago,SaÃºde PÃºblica,16
Deputada Leninha,SaÃºde PÃºblica,12
Deputado Carlos Pimenta,SaÃºde PÃºblica,12
Deputado Professor Irineu,SaÃºde PÃºblica,12
Deputado SÃ¡vio Souza Cruz,SaÃºde PÃºblica,12
DEPUTADO LEONARDO MOREIRA,SAÃšDE PÃšBLICA,177
DEPUTADO DOUTOR WILSON BATISTA,SAÃšDE PÃšBLICA,93
DEPUTADO FRED COSTA,SAÃšDE PÃšBLICA,82
DEPUTADA LIZA PRADO,SAÃšDE PÃšBLICA,74
DEPUTADO CÃ‰LIO MOREIRA,SAÃšDE PÃšBLICA,63
DEPUTADO ARLEN SANTIAGO,SAÃšDE PÃšBLICA,48
DEPUTADO DALMO RIBEIRO SILVA,SAÃšDE PÃšBLICA,40
GOVERNADOR AÃ‰CIO NEVES,SAÃšDE PÃšBLICA,34
DEPUTADA ANA MARIA RESENDE,SAÃšDE PÃšBLICA,33
DEPUTADO CARLIN MOURA,SAÃšDE PÃšBLICA,30
DEPUTADO RICARDO DUARTE,SAÃšDE PÃšBLICA,30
DEPUTADA LUZIA FERREIRA,SAÃšDE PÃšBLICA,28
DEPUTADO SÃVIO SOUZA CRUZ,SAÃšDE PÃšBLICA,28
DEPUTADO HELY TARQÃœÃNIO,SAÃšDE PÃšBLICA,27
GOVERNADOR HÃ‰LIO GARCIA,SAÃšDE PÃšBLICA,24
Deputada Ione Pinheiro,Saneamento BÃ¡sico,22
Deputado Cleitinho Azevedo,Saneamento BÃ¡sico,20
Deputado Paulo Lamac,Saneamento BÃ¡sico,8
Deputado Alencar da Silveira Jr.,Saneamento BÃ¡sico,6
DEPUTADO GIL PEREIRA,SANEAMENTO BÃSICO,14
DEPUTADO MARCOS HELÃŠNIO,SANEAMENTO BÃSICO,14
DEPUTADO ADELMO CARNEIRO LEÃƒO,SANEAMENTO BÃSICO,12
DEPUTADO DINIS PINHEIRO,SANEAMENTO BÃSICO,7
DEPUTADO JORGE EDUARDO DE OLIVEIRA,SANEAMENTO BÃSICO,6
GOVERNADOR ITAMAR FRANCO,SANEAMENTO BÃSICO,6
Deputado MissionÃ¡rio Marcio Santiago,Secretaria de Estado,32
Deputado Paulo Lamac,Secretaria de Estado,32
GOVERNADOR HÃ‰LIO GARCIA,SECRETARIA DE ESTADO,49
GOVERNADOR AÃ‰CIO NEVES,SECRETARIA DE ESTADO,35
GOVERNADOR ITAMAR FRANCO,SECRETARIA DE ESTADO,24
DEPUTADO DINIS PINHEIRO,SECRETARIA DE ESTADO,14
DEPUTADO LAFAYETTE DE ANDRADA,SECRETARIA DE ESTADO,10
GOVERNADOR NEWTON CARDOSO,SECRETARIA DE ESTADO,10
GOVERNADOR ALBERTO PINTO COELHO JÃšNIOR,SECRETARIA DE ESTADO,9
DEPUTADO PAULO PETTERSEN,SECRETARIA DE ESTADO,8
DEPUTADO IRANI BARBOSA,SECRETARIA DE ESTADO,6
GOVERNADOR EDUARDO AZEREDO,SECRETARIA DE ESTADO,6
GOVERNADOR HÃ‰LIO GARCIA,SECRETARIA DE ESTADO DA CULTURA (SEC),5
Deputada Beatriz Cerqueira,Secretaria de Estado de EducaÃ§Ã£o (SEE),12
Governador Romeu Zema Neto,Secretaria de Estado de EducaÃ§Ã£o (SEE),10
Deputada Celise Laviola,Secretaria de Estado de EducaÃ§Ã£o (SEE),8
Deputada Geisa Teixeira,Secretaria de Estado de EducaÃ§Ã£o (SEE),8
Deputada MarÃ­lia Campos,Secretaria de Estado de EducaÃ§Ã£o (SEE),8
Deputado AndrÃ© QuintÃ£o,Secretaria de Estado de EducaÃ§Ã£o (SEE),8
Deputado AntÃ´nio Lerin,Secretaria de Estado de EducaÃ§Ã£o (SEE),8
Deputado Bosco,Secretaria de Estado de EducaÃ§Ã£o (SEE),8
Deputado Cabo JÃºlio,Secretaria de Estado de EducaÃ§Ã£o (SEE),8
Deputado Celinho do Sinttrocel,Secretaria de Estado de EducaÃ§Ã£o (SEE),8
Deputado Cristiano Silveira,Secretaria de Estado de EducaÃ§Ã£o (SEE),8
Deputado Douglas Melo,Secretaria de Estado de EducaÃ§Ã£o (SEE),8
Deputado Doutor Jean Freire,Secretaria de Estado de EducaÃ§Ã£o (SEE),8
Deputado Duarte Bechir,Secretaria de Estado de EducaÃ§Ã£o (SEE),8
Deputado Durval Ã‚ngelo,Secretaria de Estado de EducaÃ§Ã£o (SEE),8
Deputado Elismar Prado,Secretaria de Estado de EducaÃ§Ã£o (SEE),8
Deputado Emidinho Madeira,Secretaria de Estado de EducaÃ§Ã£o (SEE),8
Deputado FÃ¡bio Avelar Oliveira,Secretaria de Estado de EducaÃ§Ã£o (SEE),8
Deputado Fabiano Tolentino,Secretaria de Estado de EducaÃ§Ã£o (SEE),8
Deputado Fred Costa,Secretaria de Estado de EducaÃ§Ã£o (SEE),8
Deputado Geraldo Pimenta,Secretaria de Estado de EducaÃ§Ã£o (SEE),8
Deputado Glaycon Franco,Secretaria de Estado de EducaÃ§Ã£o (SEE),8
Deputado Iran Barbosa,Secretaria de Estado de EducaÃ§Ã£o (SEE),8
Deputado Isauro Calais,Secretaria de Estado de EducaÃ§Ã£o (SEE),8
Deputado Ivair Nogueira,Secretaria de Estado de EducaÃ§Ã£o (SEE),8
Deputado LÃ©o Portela,Secretaria de Estado de EducaÃ§Ã£o (SEE),8
Deputado MissionÃ¡rio Marcio Santiago,Secretaria de Estado de EducaÃ§Ã£o (SEE),8
Deputado Neilando Pimenta,Secretaria de Estado de EducaÃ§Ã£o (SEE),8
Deputado Noraldino JÃºnior,Secretaria de Estado de EducaÃ§Ã£o (SEE),8
Deputado Nozinho,Secretaria de Estado de EducaÃ§Ã£o (SEE),8
Deputado Paulo Guedes,Secretaria de Estado de EducaÃ§Ã£o (SEE),8
Deputado Paulo Lamac,Secretaria de Estado de EducaÃ§Ã£o (SEE),8
Deputado Roberto Andrade,Secretaria de Estado de EducaÃ§Ã£o (SEE),8
Deputado RogÃ©rio Correia,Secretaria de Estado de EducaÃ§Ã£o (SEE),8
Deputado Ulysses Gomes,Secretaria de Estado de EducaÃ§Ã£o (SEE),8
Deputado Wander Borges,Secretaria de Estado de EducaÃ§Ã£o (SEE),8
Deputado Cleitinho Azevedo,SeguranÃ§a PÃºblica,80
Deputado Sargento Rodrigues,SeguranÃ§a PÃºblica,54
Deputado AntÃ´nio Jorge,SeguranÃ§a PÃºblica,49
Deputado Fred Costa,SeguranÃ§a PÃºblica,49
Deputado Bruno Engler,SeguranÃ§a PÃºblica,44
Deputado AntÃ´nio Carlos Arantes,SeguranÃ§a PÃºblica,32
Deputado Felipe AttiÃª,SeguranÃ§a PÃºblica,32
Deputada MarÃ­lia Campos,SeguranÃ§a PÃºblica,23
Deputada AndrÃ©ia de Jesus,SeguranÃ§a PÃºblica,22
Deputada Leninha,SeguranÃ§a PÃºblica,22
Deputada Ana Paula Siqueira,SeguranÃ§a PÃºblica,20
Deputado Doutor Jean Freire,SeguranÃ§a PÃºblica,18
Deputado Noraldino JÃºnior,SeguranÃ§a PÃºblica,17
Deputado MissionÃ¡rio Marcio Santiago,SeguranÃ§a PÃºblica,16
Deputado Wander Borges,SeguranÃ§a PÃºblica,16
DEPUTADO LEONARDO MOREIRA,SEGURANÃ‡A PÃšBLICA,90
DEPUTADO ALENCAR DA SILVEIRA JR,SEGURANÃ‡A PÃšBLICA,59
DEPUTADO FRED COSTA,SEGURANÃ‡A PÃšBLICA,29
DEPUTADO BOSCO,SEGURANÃ‡A PÃšBLICA,28
DEPUTADO GUSTAVO VALADARES,SEGURANÃ‡A PÃšBLICA,28
DEPUTADO JOÃƒO LEITE,SEGURANÃ‡A PÃšBLICA,28
DEPUTADO JUNINHO ARAÃšJO,SEGURANÃ‡A PÃšBLICA,28
DEPUTADO SEBASTIÃƒO COSTA,SEGURANÃ‡A PÃšBLICA,28
GOVERNADOR AÃ‰CIO NEVES,SEGURANÃ‡A PÃšBLICA,28
DEPUTADO SARGENTO RODRIGUES,SEGURANÃ‡A PÃšBLICA,25
DEPUTADO DINIS PINHEIRO,SEGURANÃ‡A PÃšBLICA,24
DEPUTADA ANA MARIA RESENDE,SEGURANÃ‡A PÃšBLICA,21
DEPUTADO GILBERTO ABRAMO,SEGURANÃ‡A PÃšBLICA,21
DEPUTADO ANTÃ”NIO GENARO,SEGURANÃ‡A PÃšBLICA,20
DEPUTADO CÃ‰LIO MOREIRA,SEGURANÃ‡A PÃšBLICA,20
DEPUTADO EROS BIONDINI,SEGURANÃ‡A PÃšBLICA,20
DEPUTADO GIL PEREIRA,SEGURANÃ‡A PÃšBLICA,20
Deputado Cleitinho Azevedo,ServiÃ§o PÃºblico,20
Deputada Ione Pinheiro,ServiÃ§o PÃºblico,10
Governador Fernando Damata Pimentel,ServiÃ§o PÃºblico,9
Deputado Professor Cleiton,Setor Privado,10
DEPUTADO CARLIN MOURA,SETOR PRIVADO,20
Deputado Cleitinho Azevedo,TelecomunicaÃ§Ã£o,30
DEPUTADO GILBERTO ABRAMO,TELECOMUNICAÃ‡ÃƒO,20
DEPUTADO LEONARDO MOREIRA,TELECOMUNICAÃ‡ÃƒO,17
DEPUTADO DINIS PINHEIRO,TELECOMUNICAÃ‡ÃƒO,14
DEPUTADO DUARTE BECHIR,TELECOMUNICAÃ‡ÃƒO,12
DEPUTADO JOÃƒO PAULO,TELECOMUNICAÃ‡ÃƒO,12
DEPUTADO WELITON PRADO,TELECOMUNICAÃ‡ÃƒO,12
DEPUTADO CARLIN MOURA,TELECOMUNICAÃ‡ÃƒO,10
DEPUTADO GUSTAVO VALADARES,TELECOMUNICAÃ‡ÃƒO,10
DEPUTADO GUSTAVO CORRÃŠA,TELECOMUNICAÃ‡ÃƒO,9
GOVERNADOR ITAMAR FRANCO,TELECOMUNICAÃ‡ÃƒO,8
DEPUTADA MARIA TEREZA LARA,TELECOMUNICAÃ‡ÃƒO,7
DEPUTADO CLEUBER CARNEIRO,TERRA PÃšBLICA,10
DEPUTADO LEONARDO MOREIRA,TRÃ‚NSITO,28
DEPUTADO SEBASTIÃƒO COSTA,TRÃ‚NSITO,28
DEPUTADO DINIS PINHEIRO,TRÃ‚NSITO,14
DEPUTADO WALTER TOSTA,TRÃ‚NSITO,12
DEPUTADO DÃ‰LIO MALHEIROS,TRÃ‚NSITO,10
DEPUTADO GUSTAVO VALADARES,TRÃ‚NSITO,10
DEPUTADO GEORGE HILTON,TRÃ‚NSITO,9
DEPUTADO GUSTAVO CORRÃŠA,TRÃ‚NSITO,9
DEPUTADO DOUTOR VIANA,TRÃ‚NSITO,7
DEPUTADO ALENCAR DA SILVEIRA JÃšNIOR,TRÃ‚NSITO,6
DEPUTADO GIL PEREIRA,TRÃ‚NSITO,6
DEPUTADO IVAIR NOGUEIRA,TRÃ‚NSITO,6
DEPUTADO WILSON PIRES,TRÃ‚NSITO,6
Deputado AntÃ´nio Jorge,TrÃ¢nsito,32
Deputado Cleitinho Azevedo,Trabalho Emprego e Renda,40
Deputada Laura Serrano,Trabalho Emprego e Renda,12
Deputada Leninha,Trabalho Emprego e Renda,12
Deputada RosÃ¢ngela Reis,Trabalho Emprego e Renda,12
Deputado Coronel Henrique,Trabalho Emprego e Renda,12
Deputado Doutor Jean Freire,Trabalho Emprego e Renda,12
Deputada Ana Paula Siqueira,Trabalho Emprego e Renda,10
Deputado Celinho Sintrocel,Trabalho Emprego e Renda,10
Deputado Alencar da Silveira Jr.,Trabalho Emprego e Renda,9
Deputado Fred Costa,Trabalho Emprego e Renda,9
Deputado RogÃ©rio Correia,Trabalho Emprego e Renda,9
Deputado LÃ©o Portela,Trabalho Emprego e Renda,6
DEPUTADO LEONARDO MOREIRA,TRABALHO EMPREGO E RENDA,47
DEPUTADA CECÃLIA FERRAMENTA,TRABALHO EMPREGO E RENDA,12
DEPUTADO GUSTAVO VALADARES,TRABALHO EMPREGO E RENDA,10
DEPUTADO SARGENTO RODRIGUES,TRABALHO EMPREGO E RENDA,10
COMISSÃƒO PARTICIPAÃ‡ÃƒO POPULAR,TRABALHO EMPREGO E RENDA,9
DEPUTADO FRED COSTA,TRABALHO EMPREGO E RENDA,9
DEPUTADO GUSTAVO PERRELLA,TRABALHO EMPREGO E RENDA,9
DEPUTADO ROGÃ‰RIO CORREIA,TRABALHO EMPREGO E RENDA,9
DEPUTADO ADELMO CARNEIRO LEÃƒO,TRABALHO EMPREGO E RENDA,8
DEPUTADO IVO JOSÃ‰,TRABALHO EMPREGO E RENDA,8
COMISSÃƒO ESPECIAL,TRABALHO EMPREGO E RENDA,7
DEPUTADO GERALDO REZENDE,TRABALHO EMPREGO E RENDA,7
DEPUTADO EDSON REZENDE,TRABALHO EMPREGO E RENDA,6
DEPUTADO MÃRCIO KANGUSSU,TRABALHO EMPREGO E RENDA,6
DEPUTADO PAULO PIAU,TRABALHO EMPREGO E RENDA,6
DEPUTADO ALENCAR DA SILVEIRA JR,TRANSPORTE,69
DEPUTADO JUNINHO ARAÃšJO,TRANSPORTE,28
DEPUTADO ANTÃ”NIO GENARO,TRANSPORTE,20
DEPUTADO AMBRÃ“SIO PINTO,TRANSPORTE,12
DEPUTADO GILBERTO ABRAMO,TRANSPORTE,12
DEPUTADO ANSELMO JOSÃ‰ DOMINGOS,TRANSPORTE,11
DEPUTADO DALMO RIBEIRO SILVA,TRANSPORTE,9
DEPUTADO DINIS PINHEIRO,TRANSPORTE,9
DEPUTADA ELAINE MATOZINHOS,TRANSPORTE,8
DEPUTADO CHICO RAFAEL,TRANSPORTE,8
DEPUTADO EDSON REZENDE,TRANSPORTE,8
DEPUTADO JOÃƒO PINTO RIBEIRO,TRANSPORTE,8
DEPUTADO CÃ‰LIO MOREIRA,TRANSPORTE,7
DEPUTADA MARIA JOSÃ‰ HAUEISEN,TRANSPORTE,6
DEPUTADO ERMANO BATISTA,TRANSPORTE,6
DEPUTADO JOÃƒO BATISTA DE OLIVEIRA,TRANSPORTE,6
DEPUTADO OLINTO GODINHO,TRANSPORTE,6
GOVERNADOR EDUARDO AZEREDO,TRANSPORTE,6
Deputado Alencar da Silveira Jr.,Transporte Coletivo,16
Deputado Doutor Jean Freire,Transporte Coletivo,12
Deputado Carlos Pimenta,Transporte Coletivo,10
Deputado Cleitinho Azevedo,Transporte Coletivo,10
Deputado Guilherme da Cunha,Transporte Coletivo,10
Deputado Isauro Calais,Transporte Coletivo,8
DEPUTADO LEONARDO MOREIRA,TRANSPORTE COLETIVO,20
DEPUTADO TARCÃSIO HENRIQUES,TRANSPORTE COLETIVO,14
DEPUTADO ALENCAR DA SILVEIRA JR,TRANSPORTE COLETIVO,9
DEPUTADO WELITON PRADO,TRANSPORTE COLETIVO,9
DEPUTADO BILAC PINTO,TRANSPORTE COLETIVO,6
DEPUTADO EDUARDO BRÃS,TRANSPORTE COLETIVO,6
DEPUTADO JOÃƒO LEITE,TRANSPORTE COLETIVO,6
DEPUTADO DIMAS RODRIGUES,TRANSPORTE COLETIVO,5
DEPUTADO DÃ‰LIO MALHEIROS,TRANSPORTE E TRÃ‚NSITO,20
DEPUTADO ALENCAR DA SILVEIRA JR,TRANSPORTE E TRÃ‚NSITO,11
DEPUTADO ANSELMO JOSÃ‰ DOMINGOS,TRANSPORTE E TRÃ‚NSITO,11
DEPUTADA LIZA PRADO,TRANSPORTE E TRÃ‚NSITO,9
DEPUTADO ARLEN SANTIAGO,TRANSPORTE E TRÃ‚NSITO,9
DEPUTADO GUSTAVO CORRÃŠA,TRANSPORTE E TRÃ‚NSITO,9
DEPUTADO LEONARDO MOREIRA,TRANSPORTE E TRÃ‚NSITO,9
DEPUTADO JOÃƒO PAULO,TRANSPORTE E TRÃ‚NSITO,8
DEPUTADO GERALDO REZENDE,TRANSPORTE E TRÃ‚NSITO,7
DEPUTADO RONALDO VASCONCELLOS,TRANSPORTE E TRÃ‚NSITO,7
GOVERNADOR HÃ‰LIO GARCIA,TRANSPORTE E TRÃ‚NSITO,7
DEPUTADO ADELINO DE CARVALHO,TRANSPORTE E TRÃ‚NSITO,6
DEPUTADO JOSÃ‰ MILTON,TRANSPORTE E TRÃ‚NSITO,6
DEPUTADO ÃLVARO ANTÃ”NIO,TRANSPORTE E TRÃ‚NSITO,5
DEPUTADO ERMANO BATISTA,TRANSPORTE E TRÃ‚NSITO,5
Deputado Cleitinho Azevedo,Transporte e TrÃ¢nsito,100
Deputado AntÃ´nio Jorge,Transporte e TrÃ¢nsito,40
Deputado Alencar da Silveira Jr.,Transporte e TrÃ¢nsito,34
Deputado Doutor Jean Freire,Transporte e TrÃ¢nsito,32
Deputado Elismar Prado,Transporte e TrÃ¢nsito,32
Deputado Ulysses Gomes,Transporte e TrÃ¢nsito,32
Governador Romeu Zema Neto,Transporte e TrÃ¢nsito,22
Deputada RosÃ¢ngela Reis,Transporte e TrÃ¢nsito,12
Deputado Coronel Sandro,Transporte e TrÃ¢nsito,12
Deputado Mauro Tramonte,Transporte e TrÃ¢nsito,12
Deputado Professor Irineu,Transporte e TrÃ¢nsito,12
Deputada Ana Paula Siqueira,Transporte e TrÃ¢nsito,10
Deputada Beatriz Cerqueira,Transporte e TrÃ¢nsito,10
Deputado Cristiano Silveira,Transporte e TrÃ¢nsito,9
Deputado Dalmo Ribeiro Silva,Transporte e TrÃ¢nsito,9
Governador Fernando Damata Pimentel,Transporte e TrÃ¢nsito,9
TRIBUNAL DE JUSTIÃ‡A,TRIBUNAL DE ALÃ‡ADA DO ESTADO DE MINAS GERAIS (TAMG),6
Tribunal de Contas,Tribunal de Contas do Estado de Minas Gerais (TCEMG),10
TRIBUNAL DE CONTAS,TRIBUNAL DE CONTAS DO ESTADO DE MINAS GERAIS (TCEMG),37
Tribunal de JustiÃ§a,Tribunal de JustiÃ§a do Estado de Minas Gerais (TJMG),51
Deputado Felipe AttiÃª,Tribunal de JustiÃ§a do Estado de Minas Gerais (TJMG),9
TRIBUNAL DE JUSTIÃ‡A,TRIBUNAL DE JUSTIÃ‡A DO ESTADO DE MINAS GERAIS (TJMG),104
GOVERNADOR ANTONIO AUGUSTO JUNHO ANASTASIA,TRIBUNAL DE JUSTIÃ‡A DO ESTADO DE MINAS GERAIS (TJMG),28
DEPUTADO GUSTAVO CORRÃŠA,TRIBUNAL DE JUSTIÃ‡A DO ESTADO DE MINAS GERAIS (TJMG),9
DEPUTADO MÃRCIO MIRANDA,TRIBUNAL DE JUSTIÃ‡A DO ESTADO DE MINAS GERAIS (TJMG),7
GOVERNADOR ANTONIO AUGUSTO JUNHO ANASTASIA,TRIBUNAL DE JUSTIÃ‡A MILITAR DO ESTADO DE MINAS GERAIS (TJMMG),28
TRIBUNAL DE JUSTIÃ‡A,TRIBUNAL DE JUSTIÃ‡A MILITAR DO ESTADO DE MINAS GERAIS (TJMMG),13
Deputado Cleitinho Azevedo,Tributo,30
Deputado Coronel Sandro,Tributo,24
Deputado Doutor Jean Freire,Tributo,22
Governador Romeu Zema Neto,Tributo,20
Deputado Gil Pereira,Tributo,16
Deputado Elismar Prado,Tributo,10
Deputado Mauro Tramonte,Tributo,10
Deputado Professor Cleiton,Tributo,10
Deputado Roberto Andrade,Tributo,10
Deputado Alencar da Silveira Jr.,Tributo,6
Deputado Ulysses Gomes,Tributo,6
Governador Fernando Damata Pimentel,Tributo,6
Deputado Lafayette de Andrada,Tributos,32
Deputado Alencar da Silveira Jr.,Tributos,16
Deputado Carlos Henrique,Tributos,9
Governador Fernando Damata Pimentel,Tributos,9
GOVERNADOR EDUARDO AZEREDO,TRIBUTOS,58
DEPUTADO LEONARDO MOREIRA,TRIBUTOS,44
DEPUTADO SÃVIO SOUZA CRUZ,TRIBUTOS,20
DEPUTADO ANTÃ”NIO ANDRADE,TRIBUTOS,18
DEPUTADO CÃ‰LIO MOREIRA,TRIBUTOS,14
GOVERNADOR ITAMAR FRANCO,TRIBUTOS,14
DEPUTADO OLINTO GODINHO,TRIBUTOS,13
DEPUTADO DUARTE BECHIR,TRIBUTOS,12
DEPUTADO IRANI BARBOSA,TRIBUTOS,12
GOVERNADOR HÃ‰LIO GARCIA,TRIBUTOS,12
DEPUTADO DEIRÃ“ MARRA,TRIBUTOS,11
COMISSÃƒO PARLAMENTAR DE INQUÃ‰RITO,TRIBUTOS,10
DEPUTADO LAFAYETTE DE ANDRADA,TRIBUTOS,10
DEPUTADO CARLOS HENRIQUE,TRIBUTOS,9
DEPUTADO DINIS PINHEIRO,TRIBUTOS,9
DEPUTADO FRED COSTA,TRIBUTOS,9
DEPUTADO LUIZ HUMBERTO CARNEIRO,TRIBUTOS,9
DEPUTADO PAULO CÃ‰SAR,TRIBUTOS,9
GOVERNADOR ALBERTO PINTO COELHO JÃšNIOR,TRIBUTOS,9
GOVERNADOR ANTONIO AUGUSTO JUNHO ANASTASIA,TRIBUTOS,9
Deputado RogÃ©rio Correia,Turismo,9
DEPUTADO DALMO RIBEIRO SILVA,TURISMO,14
"COMISSÃƒO EDUCAÃ‡ÃƒO, CULTURA, DESPORTO E TURISMO E LAZER",TURISMO,10
DEPUTADO GUSTAVO PERRELLA,TURISMO,9
DEPUTADO ÃLVARO ANTÃ”NIO,TURISMO,6
DEPUTADO RONALDO VASCONCELLOS,TURISMO,5
DEPUTADO SEBASTIÃƒO NAVARRO VIEIRA,TURISMO,5
Deputada Beatriz Cerqueira,Universidade do Estado de Minas Gerais (UEMG),12
Governador Fernando Damata Pimentel,Universidade do Estado de Minas Gerais (UEMG),6
GOVERNADOR AÃ‰CIO NEVES,UNIVERSIDADE DO ESTADO DE MINAS GERAIS (UEMG),14
DEPUTADO WANDER BORGES,UNIVERSIDADE DO ESTADO DE MINAS GERAIS (UEMG),9
GOVERNADOR NEWTON CARDOSO,UNIVERSIDADE DO ESTADO DE MINAS GERAIS (UEMG),5
Deputada Beatriz Cerqueira,Universidade Estadual de Montes Claros (UNIMONTES),12
DEPUTADO RUY MUNIZ,UNIVERSIDADE ESTADUAL DE MONTES CLAROS (UNIMONTES),20
GOVERNADOR AÃ‰CIO NEVES,UNIVERSIDADE ESTADUAL DE MONTES CLAROS (UNIMONTES),14
DEPUTADO WANDER BORGES,UNIVERSIDADE ESTADUAL DE MONTES CLAROS (UNIMONTES),9
GOVERNADOR ITAMAR FRANCO,UNIVERSIDADE ESTADUAL DE MONTES CLAROS (UNIMONTES),6
Deputado Charles Santos,Utilidade PÃºblica,130
Deputado RogÃ©rio Correia,Utilidade PÃºblica,117
Deputado Thiago Cota,Utilidade PÃºblica,109
Deputado Douglas Melo,Utilidade PÃºblica,101
Deputado Anselmo JosÃ© Domingos,Utilidade PÃºblica,96
Deputado Cristiano Silveira,Utilidade PÃºblica,93
Deputado InÃ¡cio Franco,Utilidade PÃºblica,93
Deputado Paulo Guedes,Utilidade PÃºblica,86
Deputado Duarte Bechir,Utilidade PÃºblica,85
Deputado Dalmo Ribeiro Silva,Utilidade PÃºblica,80
Deputado JoÃ£o VÃ­tor Xavier,Utilidade PÃºblica,74
Deputado AntÃ´nio Carlos Arantes,Utilidade PÃºblica,72
Deputado Hely TarqÃ¼Ã­nio,Utilidade PÃºblica,72
Deputado Noraldino JÃºnior,Utilidade PÃºblica,72
Deputado LÃ©o Portela,Utilidade PÃºblica,68
DEPUTADO PAULO GUEDES,UTILIDADE PÃšBLICA,299
DEPUTADO ANDRÃ‰ QUINTÃƒO,UTILIDADE PÃšBLICA,293
DEPUTADO DALMO RIBEIRO SILVA,UTILIDADE PÃšBLICA,284
DEPUTADA MARIA OLÃVIA,UTILIDADE PÃšBLICA,250
DEPUTADO PADRE JOÃƒO,UTILIDADE PÃšBLICA,248
DEPUTADO RONALDO VASCONCELLOS,UTILIDADE PÃšBLICA,237
DEPUTADO PAULO PIAU,UTILIDADE PÃšBLICA,231
DEPUTADO ADELMO CARNEIRO LEÃƒO,UTILIDADE PÃšBLICA,214
DEPUTADO ANTÃ”NIO JÃšLIO,UTILIDADE PÃšBLICA,201
DEPUTADO GERALDO REZENDE,UTILIDADE PÃšBLICA,197
DEPUTADO LUIZ HUMBERTO CARNEIRO,UTILIDADE PÃšBLICA,188
DEPUTADA ROSÃ‚NGELA REIS,UTILIDADE PÃšBLICA,173
DEPUTADO SEBASTIÃƒO HELVÃ‰CIO,UTILIDADE PÃšBLICA,166
DEPUTADO JOÃƒO LEITE,UTILIDADE PÃšBLICA,165
DEPUTADO DINIS PINHEIRO,UTILIDADE PÃšBLICA,162
GOVERNADOR NEWTON CARDOSO,NA,70
TRIBUNAL DE CONTAS,NA,17
DEPUTADA MARIA ELVIRA,NA,14
DEPUTADO ANTÃ”NIO CARLOS PEREIRA,NA,14
DEPUTADO PAULO CARVALHO,NA,14
DEPUTADO TARCÃSIO HENRIQUES,NA,14
DEPUTADO FELIPE NERI,NA,10
DEPUTADO JUNINHO ARAÃšJO,NA,10
DEPUTADA MARIA JOSÃ‰ HAUEISEN,NA,7
DEPUTADO AILTON VILELA,NA,7
DEPUTADO AMILCAR PADOVANI,NA,7
DEPUTADO ANTONIO FUZATTO,NA,7
DEPUTADO JOSÃ‰ BONIFÃCIO,NA,7
DEPUTADO MARCELO CECÃ‰,NA,7
DEPUTADO PAULO PETTERSEN,NA,7
DEPUTADO SEBASTIÃƒO HELVÃ‰CIO,NA,7
