partido,assuntoGeral,n
PSL,(LGBT),10
PT,(LGBT),10
PTB,(LGBT),10
Governador Fernando Damata Pimentel,AdministraÃ§Ã£o Estadual,62
PTB,AdministraÃ§Ã£o Estadual,44
CIDADANIA,AdministraÃ§Ã£o Estadual,32
PPS,AdministraÃ§Ã£o Estadual,32
PDT,AdministraÃ§Ã£o Estadual,20
PT,AdministraÃ§Ã£o Estadual,20
PSB,AdministraÃ§Ã£o Estadual,19
PSL,AdministraÃ§Ã£o Estadual,12
PV,AdministraÃ§Ã£o Estadual,12
REDE,AdministraÃ§Ã£o Estadual,10
PEN,AdministraÃ§Ã£o Municipal,32
PT,AdministraÃ§Ã£o Municipal,12
PSD,AdministraÃ§Ã£o Municipal,10
PSC,AdministraÃ§Ã£o PÃºblica,12
REPUBLICANOS,AdministraÃ§Ã£o PÃºblica,10
Governador Fernando Damata Pimentel,AdministraÃ§Ã£o PÃºblica,9
PSDB,AdministraÃ§Ã£o PÃºblica,9
PSD,AdministraÃ§Ã£o PÃºblica,6
PV,AdministraÃ§Ã£o PÃºblica,6
PT,ADMINISTRAÃ‡ÃƒO ESTADUAL,106
PSDB,ADMINISTRAÃ‡ÃƒO ESTADUAL,80
PV,ADMINISTRAÃ‡ÃƒO ESTADUAL,72
PMDB,ADMINISTRAÃ‡ÃƒO ESTADUAL,41
PDT,ADMINISTRAÃ‡ÃƒO ESTADUAL,38
GOVERNADOR AÃ‰CIO NEVES,ADMINISTRAÃ‡ÃƒO ESTADUAL,37
PFL,ADMINISTRAÃ‡ÃƒO ESTADUAL,25
GOVERNADOR EDUARDO AZEREDO,ADMINISTRAÃ‡ÃƒO ESTADUAL,15
PSB,ADMINISTRAÃ‡ÃƒO ESTADUAL,15
PTB,ADMINISTRAÃ‡ÃƒO ESTADUAL,13
PMN,ADMINISTRAÃ‡ÃƒO ESTADUAL,12
PSN,ADMINISTRAÃ‡ÃƒO ESTADUAL,12
PPS,ADMINISTRAÃ‡ÃƒO ESTADUAL,10
TRIBUNAL DE JUSTIÃ‡A,ADMINISTRAÃ‡ÃƒO ESTADUAL,7
GOVERNADOR ITAMAR FRANCO,ADMINISTRAÃ‡ÃƒO ESTADUAL,6
PPB,ADMINISTRAÃ‡ÃƒO ESTADUAL,6
PSD,ADMINISTRAÃ‡ÃƒO ESTADUAL,6
GOVERNADOR ANTONIO AUGUSTO JUNHO ANASTASIA,ADMINISTRAÃ‡ÃƒO MUNICIPAL,28
PSDB,ADMINISTRAÃ‡ÃƒO MUNICIPAL,15
PSB,ADMINISTRAÃ‡ÃƒO MUNICIPAL,9
PPS,ADMINISTRAÃ‡ÃƒO MUNICIPAL,8
GOVERNADOR EDUARDO AZEREDO,ADMINISTRAÃ‡ÃƒO MUNICIPAL,7
PSD,ADMINISTRAÃ‡ÃƒO MUNICIPAL,7
GOVERNADOR AÃ‰CIO NEVES,ADVOCACIA-GERAL DO ESTADO DE MINAS GERAIS (AGE),10
GOVERNADOR ALBERTO PINTO COELHO JÃšNIOR,ADVOCACIA-GERAL DO ESTADO DE MINAS GERAIS (AGE),9
PMDB,AgropecuÃ¡ria,32
Governador Fernando Damata Pimentel,AgropecuÃ¡ria,24
PDT,AgropecuÃ¡ria,19
CIDADANIA,AgropecuÃ¡ria,10
PSL,AgropecuÃ¡ria,10
PTC,AgropecuÃ¡ria,9
PT,AgropecuÃ¡ria,6
PT,AGROPECUÃRIA,60
PSDB,AGROPECUÃRIA,52
PFL,AGROPECUÃRIA,21
PPB,AGROPECUÃRIA,21
PMDB,AGROPECUÃRIA,17
GOVERNADOR AÃ‰CIO NEVES,AGROPECUÃRIA,14
PP,AGROPECUÃRIA,12
PPS,AGROPECUÃRIA,11
PTB,AGROPECUÃRIA,11
PTC,AGROPECUÃRIA,9
PDT,AGROPECUÃRIA,8
COMISSÃƒO ESPECIAL,AGROPECUÃRIA,7
GOVERNADOR EDUARDO AZEREDO,AGROPECUÃRIA,6
GOVERNADOR HÃ‰LIO GARCIA,AGROPECUÃRIA,6
PSC,AlimentaÃ§Ã£o,32
PT,AlimentaÃ§Ã£o,29
PSDB,AlimentaÃ§Ã£o,20
PSL,AlimentaÃ§Ã£o,12
DEM,AlimentaÃ§Ã£o,10
REDE,AlimentaÃ§Ã£o,10
PSDB,ALIMENTAÃ‡ÃƒO,32
GOVERNADOR ANTONIO AUGUSTO JUNHO ANASTASIA,ALIMENTAÃ‡ÃƒO,9
PROS,ALIMENTAÃ‡ÃƒO,9
PSB,ALIMENTAÃ‡ÃƒO,9
PT,ALIMENTAÃ‡ÃƒO,9
GOVERNADOR ITAMAR FRANCO,ALIMENTAÃ‡ÃƒO,6
PT,Artesanato,18
BANCADA DO PMDB,ARTESANATO,14
Mesa da Assembleia,Assembleia Legislativa do Estado de Minas Gerais (ALMG),16
PSDB,Assembleia Legislativa do Estado de Minas Gerais (ALMG),9
PTB,Assembleia Legislativa do Estado de Minas Gerais (ALMG),9
MESA DA ASSEMBLEIA,ASSEMBLEIA LEGISLATIVA DO ESTADO DE MINAS GERAIS (ALMG),38
PMDB,ASSEMBLEIA LEGISLATIVA DO ESTADO DE MINAS GERAIS (ALMG),34
PT,ASSEMBLEIA LEGISLATIVA DO ESTADO DE MINAS GERAIS (ALMG),28
MESA DA ASSEMBLÃ‰IA,ASSEMBLEIA LEGISLATIVA DO ESTADO DE MINAS GERAIS (ALMG),14
PSDB,ASSEMBLEIA LEGISLATIVA DO ESTADO DE MINAS GERAIS (ALMG),14
PP,ASSEMBLEIA LEGISLATIVA DO ESTADO DE MINAS GERAIS (ALMG),7
PSB,ASSEMBLEIA LEGISLATIVA DO ESTADO DE MINAS GERAIS (ALMG),6
PTB,ASSEMBLEIA LEGISLATIVA DO ESTADO DE MINAS GERAIS (ALMG),5
PT,AssistÃªncia Social,63
CIDADANIA,AssistÃªncia Social,40
PP,AssistÃªncia Social,32
PODE,AssistÃªncia Social,12
DEM,AssistÃªncia Social,10
PCdoB,AssistÃªncia Social,10
REPUBLICANOS,AssistÃªncia Social,10
PPS,AssistÃªncia Social,9
ComissÃ£o Direitos Humanos,AssistÃªncia Social,6
PSDB,ASSISTÃŠNCIA JUDICIÃRIA GRATUITA,7
PT,ASSISTÃŠNCIA SOCIAL,87
PSDB,ASSISTÃŠNCIA SOCIAL,60
COMISSÃƒO PARTICIPAÃ‡ÃƒO POPULAR,ASSISTÃŠNCIA SOCIAL,46
PEN,ASSISTÃŠNCIA SOCIAL,32
PMDB,ASSISTÃŠNCIA SOCIAL,32
GOVERNADOR ANTONIO AUGUSTO JUNHO ANASTASIA,ASSISTÃŠNCIA SOCIAL,28
PL,ASSISTÃŠNCIA SOCIAL,21
PSB,ASSISTÃŠNCIA SOCIAL,20
PTB,ASSISTÃŠNCIA SOCIAL,19
PV,ASSISTÃŠNCIA SOCIAL,10
PFL,ASSISTÃŠNCIA SOCIAL,9
PPS,ASSISTÃŠNCIA SOCIAL,7
PRS,ASSISTÃŠNCIA SOCIAL,7
COMISSÃƒO PARLAMENTAR DE INQUÃ‰RITO,ASSISTÃŠNCIA SOCIAL,5
GOVERNADOR EDUARDO AZEREDO,ASSISTÃŠNCIA SOCIAL,5
PT,AuxÃ­lio Financeiro,10
PMDB,BANCO DE CRÃ‰DITO REAL DE MINAS GERAIS S/A (CREDIREAL),8
PMDB,BANCO DO ESTADO DE MINAS GERAIS S/A (BEMGE),8
PSDB,BANCO DO ESTADO DE MINAS GERAIS S/A (BEMGE),6
GOVERNADOR HÃ‰LIO GARCIA,BANCO DO ESTADO DE MINAS GERAIS S/A (BEMGE),5
PT,Barragem de Rejeitos,42
PCdoB,Barragem de Rejeitos,32
PEN,Barragem de Rejeitos,32
PMDB,Barragem de Rejeitos,32
PP,Barragem de Rejeitos,32
PSDB,Barragem de Rejeitos,32
PP,Barragem HÃ­drica,32
PT,Barragem HÃ­drica,10
PSDB,Barragem HÃ­drica,6
GOVERNADOR HÃ‰LIO GARCIA,BENEFÃCIO PESSOAL,22
PSD,BIBLIOTECA PÃšBLICA ESTADUAL DE MINAS GERAIS,6
NOVO,Calamidade PÃºblica,30
PSL,Calamidade PÃºblica,30
CIDADANIA,Calamidade PÃºblica,20
PRTB,Calamidade PÃºblica,20
PSD,Calamidade PÃºblica,20
PSDB,Calamidade PÃºblica,20
SOLIDARIEDADE,Calamidade PÃºblica,20
MDB,Calamidade PÃºblica,10
PL,Calamidade PÃºblica,10
PODE,Calamidade PÃºblica,10
PSC,Calamidade PÃºblica,10
PT,Calamidade PÃºblica,10
PTB,Calamidade PÃºblica,10
REDE,Calamidade PÃºblica,10
PT,CalendÃ¡rio,68
PCdoB,CalendÃ¡rio,32
PEN,CalendÃ¡rio,32
PSB,CalendÃ¡rio,16
CIDADANIA,CalendÃ¡rio,10
PSDB,CalendÃ¡rio,10
PMDB,CalendÃ¡rio,8
PPS,CalendÃ¡rio,8
PRB,CalendÃ¡rio,8
Governador do Estado,CalendÃ¡rio,6
PR,CalendÃ¡rio,6
PSC,CalendÃ¡rio,6
PT,CALENDÃRIO,105
PMDB,CALENDÃRIO,62
PEN,CALENDÃRIO,59
PSB,CALENDÃRIO,36
PCdoB,CALENDÃRIO,14
PL,CALENDÃRIO,14
PTB,CALENDÃRIO,11
PTC,CALENDÃRIO,11
PV,CALENDÃRIO,11
PDT,CALENDÃRIO,10
GOVERNADOR ANTONIO AUGUSTO JUNHO ANASTASIA,CALENDÃRIO,9
PRS,CALENDÃRIO,7
PSDB,CALENDÃRIO,7
PPB,CALENDÃRIO,6
PFL,CALENDÃRIO,5
PSDB,CARTÃ“RIO,20
PT,CARTÃ“RIO,13
PMDB,CARTÃ“RIO,12
GOVERNADOR EDUARDO AZEREDO,CARTÃ“RIO,6
PDT,CartÃ³rio,10
PSB,CartÃ³rio,9
CIDADANIA,CiÃªncia e Tecnologia,40
PDT,CiÃªncia e Tecnologia,22
PT,CiÃªncia e Tecnologia,22
PSB,CiÃªncia e Tecnologia,12
PV,CiÃªncia e Tecnologia,9
PL,CIÃŠNCIA E TECNOLOGIA,7
PSDB,COMÃ‰RCIO,77
PEN,COMÃ‰RCIO,32
PSB,COMÃ‰RCIO,21
PTB,COMÃ‰RCIO,20
PL,COMÃ‰RCIO,14
PMN,COMÃ‰RCIO,12
PROS,COMÃ‰RCIO,11
DEM,COMÃ‰RCIO,10
PDT,COMÃ‰RCIO,10
PSD,COMÃ‰RCIO,8
PMDB,COMÃ‰RCIO,6
GOVERNADOR HÃ‰LIO GARCIA,COMÃ‰RCIO,5
GOVERNADOR HÃ‰LIO GARCIA,COMISSÃƒO DE DESENVOLVIMENTO DO VALE DO JEQUITINHONHA (CODEVALE),5
Governador Fernando Damata Pimentel,Companhia de Desenvolvimento EconÃ´mico de Minas Gerais (CODEMIG),18
GOVERNADOR AÃ‰CIO NEVES,COMPANHIA DE DESENVOLVIMENTO ECONÃ”MICO DE MINAS GERAIS (CODEMIG),10
REDE,Companhia de Saneamento de Minas Gerais (COPASA),8
GOVERNADOR ANTONIO AUGUSTO JUNHO ANASTASIA,COMPANHIA DE SANEAMENTO DE MINAS GERAIS (COPASA),11
GOVERNADOR AÃ‰CIO NEVES,COMPANHIA DE SANEAMENTO DE MINAS GERAIS (COPASA),9
PSD,COMPANHIA DE SANEAMENTO DE MINAS GERAIS (COPASA),7
GOVERNADOR EDUARDO AZEREDO,COMPANHIA DE SANEAMENTO DE MINAS GERAIS (COPASA),6
PT,COMPANHIA DE SANEAMENTO DE MINAS GERAIS (COPASA),6
PTB,COMPANHIA DE SANEAMENTO DE MINAS GERAIS (COPASA),6
PSD,Companhia EnergÃ©tica de Minas Gerais (CEMIG),10
GOVERNADOR ANTONIO AUGUSTO JUNHO ANASTASIA,COMPANHIA ENERGÃ‰TICA DE MINAS GERAIS (CEMIG),28
PT,COMPANHIA ENERGÃ‰TICA DE MINAS GERAIS (CEMIG),6
PTB,COMPANHIA ENERGÃ‰TICA DE MINAS GERAIS (CEMIG),6
CIDADANIA,ComunicaÃ§Ã£o,32
PSL,ComunicaÃ§Ã£o,32
PSDB,ComunicaÃ§Ã£o,20
PDT,ComunicaÃ§Ã£o,12
PT,ComunicaÃ§Ã£o,12
PTB,ComunicaÃ§Ã£o,10
PV,COMUNICAÃ‡ÃƒO,20
PSB,COMUNICAÃ‡ÃƒO,6
PSD,COMUNICAÃ‡ÃƒO,6
PTB,COMUNICAÃ‡ÃƒO,6
PTB,Concurso PÃºblico,42
CIDADANIA,Concurso PÃºblico,10
PSDB,CONCURSO PÃšBLICO,9
PT,CONCURSO PÃšBLICO,7
PTB,CONCURSO PÃšBLICO,6
PDT,CONCURSO PÃšBLICO,5
Governador Fernando Damata Pimentel,Conselho Estadual,15
Governador Romeu Zema Neto,Conselho Estadual,12
PSDB,CONSELHO ESTADUAL,18
COMISSÃƒO PARTICIPAÃ‡ÃƒO POPULAR,CONSELHO ESTADUAL,16
PT,CONSELHO ESTADUAL,16
GOVERNADOR ITAMAR FRANCO,CONSELHO ESTADUAL,12
PFL,CONSELHO ESTADUAL,9
COMISSÃƒO FISCALIZAÃ‡ÃƒO FINANCEIRA E ORÃ‡AMENTÃRIA,CONSELHO ESTADUAL,8
GOVERNADOR HÃ‰LIO GARCIA,CONSELHO ESTADUAL,7
"COMISSÃƒO EDUCAÃ‡ÃƒO, CULTURA, DESPORTO E TURISMO E LAZER",CONSELHO ESTADUAL,5
PL,CONSELHO ESTADUAL,5
PTB,CONSELHO ESTADUAL,5
PT,CONSTITUIÃ‡ÃƒO ESTADUAL,21
Governador Fernando Damata Pimentel,Contrato,32
PSD,Contrato,20
PSB,Contrato,10
PSD,ConvÃªnio,10
PT,CONVÃŠNIO,20
PMDB,CONVÃŠNIO,6
PSDB,CONVÃŠNIO,5
PFL,COOPERATIVISMO,6
PT,Corpo de Bombeiros Militar do Estado de Minas Gerais (CBMMG),12
Governador Fernando Damata Pimentel,Corpo de Bombeiros Militar do Estado de Minas Gerais (CBMMG),6
GOVERNADOR AÃ‰CIO NEVES,CORPO DE BOMBEIROS MILITAR DO ESTADO DE MINAS GERAIS (CBMMG),16
PSDB,CORPO DE BOMBEIROS MILITAR DO ESTADO DE MINAS GERAIS (CBMMG),12
GOVERNADOR ITAMAR FRANCO,CORPO DE BOMBEIROS MILITAR DO ESTADO DE MINAS GERAIS (CBMMG),8
CIDADANIA,CrÃ©dito,10
GOVERNADOR ANTONIO AUGUSTO JUNHO ANASTASIA,CRÃ‰DITO,29
GOVERNADOR AÃ‰CIO NEVES,CRÃ‰DITO,16
GOVERNADOR HÃ‰LIO GARCIA,CRÃ‰DITO,11
GOVERNADOR ALBERTO PINTO COELHO JÃšNIOR,CRÃ‰DITO,9
CIDADANIA,CrianÃ§a e Adolescente,50
PPS,CrianÃ§a e Adolescente,32
PT,CrianÃ§a e Adolescente,29
REDE,CrianÃ§a e Adolescente,20
NOVO,CrianÃ§a e Adolescente,12
PDT,CrianÃ§a e Adolescente,12
REPUBLICANOS,CrianÃ§a e Adolescente,12
AVANTE,CrianÃ§a e Adolescente,10
DEM,CrianÃ§a e Adolescente,10
PSC,CrianÃ§a e Adolescente,9
PMDB,CrianÃ§a e Adolescente,8
PSB,CrianÃ§a e Adolescente,8
PSDB,CRIANÃ‡A E ADOLESCENTE,133
PTB,CRIANÃ‡A E ADOLESCENTE,40
PT,CRIANÃ‡A E ADOLESCENTE,38
PPS,CRIANÃ‡A E ADOLESCENTE,34
PTDOB,CRIANÃ‡A E ADOLESCENTE,28
PMDB,CRIANÃ‡A E ADOLESCENTE,25
PHS,CRIANÃ‡A E ADOLESCENTE,20
PDT,CRIANÃ‡A E ADOLESCENTE,9
PFL,CRIANÃ‡A E ADOLESCENTE,9
PL,CRIANÃ‡A E ADOLESCENTE,7
PPB,CRIANÃ‡A E ADOLESCENTE,6
GOVERNADOR HÃ‰LIO GARCIA,CRIANÃ‡A E ADOLESCENTE,5
PT,Cultura,49
AVANTE,Cultura,18
PV,Cultura,12
PRTB,Cultura,10
PEN,Cultura,9
PSB,Cultura,8
PT,CULTURA,105
PSDB,CULTURA,49
PMDB,CULTURA,33
PTB,CULTURA,25
PROS,CULTURA,20
PSB,CULTURA,20
GOVERNADOR ANTONIO AUGUSTO JUNHO ANASTASIA,CULTURA,18
PSD,CULTURA,15
PDT,CULTURA,14
PP,CULTURA,14
PV,CULTURA,11
PCdoB,CULTURA,7
PFL,CULTURA,7
PL,CULTURA,7
PPS,CULTURA,7
Defensoria PÃºblica,Defensoria PÃºblica do Estado de Minas Gerais (DPMG),16
GOVERNADOR ANTONIO AUGUSTO JUNHO ANASTASIA,DEFENSORIA PÃšBLICA DO ESTADO DE MINAS GERAIS (DPMG),11
PMDB,DEFENSORIA PÃšBLICA DO ESTADO DE MINAS GERAIS (DPMG),7
PTB,DEFENSORIA PÃšBLICA DO ESTADO DE MINAS GERAIS (DPMG),6
GOVERNADOR NEWTON CARDOSO,DEFENSORIA PÃšBLICA DO ESTADO DE MINAS GERAIS (DPMG),5
PT,Defesa Civil,12
PDT,DEFESA CIVIL,5
CIDADANIA,Defesa do Consumidor,140
PT,Defesa do Consumidor,74
PSC,Defesa do Consumidor,32
PDT,Defesa do Consumidor,22
PSDB,Defesa do Consumidor,20
MDB,Defesa do Consumidor,12
DEM,Defesa do Consumidor,10
Governador Romeu Zema Neto,Defesa do Consumidor,10
PSD,Defesa do Consumidor,10
PSL,Defesa do Consumidor,10
REPUBLICANOS,Defesa do Consumidor,10
PRB,Defesa do Consumidor,9
PPS,Defesa do Consumidor,8
PSDB,DEFESA DO CONSUMIDOR,327
PSD,DEFESA DO CONSUMIDOR,92
DEM,DEFESA DO CONSUMIDOR,90
PDT,DEFESA DO CONSUMIDOR,40
PT,DEFESA DO CONSUMIDOR,39
PMN,DEFESA DO CONSUMIDOR,36
PL,DEFESA DO CONSUMIDOR,35
PMDB,DEFESA DO CONSUMIDOR,34
PEN,DEFESA DO CONSUMIDOR,32
PFL,DEFESA DO CONSUMIDOR,32
PTDOB,DEFESA DO CONSUMIDOR,28
PCdoB,DEFESA DO CONSUMIDOR,20
PROS,DEFESA DO CONSUMIDOR,20
PTB,DEFESA DO CONSUMIDOR,14
PSB,DEFESA DO CONSUMIDOR,9
GOVERNADOR HÃ‰LIO GARCIA,DEPARTAMENTO DE ESTRADAS DE RODAGEM DO ESTADO DE MINAS GERAIS (DER),19
GOVERNADOR AÃ‰CIO NEVES,DEPARTAMENTO DE ESTRADAS DE RODAGEM DO ESTADO DE MINAS GERAIS (DER),14
PTB,DEPARTAMENTO DE ESTRADAS DE RODAGEM DO ESTADO DE MINAS GERAIS (DER),9
PL,DEPARTAMENTO DE ESTRADAS DE RODAGEM DO ESTADO DE MINAS GERAIS (DER),6
GOVERNADOR HÃ‰LIO GARCIA,DEPARTAMENTO DE OBRAS PÃšBLICAS DO ESTADO DE MINAS GERAIS (DEOP-MG),5
DEM,DEPARTAMENTO DE TRÃ‚NSITO DE MINAS GERAIS (DETRAN-MG),10
PFL,DEPARTAMENTO DE TRÃ‚NSITO DE MINAS GERAIS (DETRAN-MG),7
GOVERNADOR HÃ‰LIO GARCIA,DEPARTAMENTO ESTADUAL DE TELECOMUNICAÃ‡Ã•ES DE MINAS GERAIS (DETEL-MG),12
PTB,Deputado Estadual,9
PSDB,DEPUTADO ESTADUAL,16
PL,DESENVOLVIMENTO REGIONAL,28
PSDB,DESENVOLVIMENTO REGIONAL,14
GOVERNADOR AÃ‰CIO NEVES,DESENVOLVIMENTO REGIONAL,7
PT,Direitos Humanos,150
CIDADANIA,Direitos Humanos,50
PCdoB,Direitos Humanos,42
PSDB,Direitos Humanos,42
REDE,Direitos Humanos,30
PDT,Direitos Humanos,24
PSL,Direitos Humanos,22
PSOL,Direitos Humanos,22
PTB,Direitos Humanos,20
NOVO,Direitos Humanos,12
PSD,Direitos Humanos,12
REPUBLICANOS,Direitos Humanos,12
PP,Direitos Humanos,10
PRTB,Direitos Humanos,10
PEN,Direitos Humanos,9
PPS,Direitos Humanos,9
PT,DIREITOS HUMANOS,129
PSDB,DIREITOS HUMANOS,74
PHS,DIREITOS HUMANOS,40
PEN,DIREITOS HUMANOS,32
PMDB,DIREITOS HUMANOS,18
PSB,DIREITOS HUMANOS,13
GOVERNADOR ITAMAR FRANCO,DIREITOS HUMANOS,12
PTB,DIREITOS HUMANOS,11
PCdoB,DIREITOS HUMANOS,9
PDT,DIREITOS HUMANOS,8
PFL,DIREITOS HUMANOS,6
PPB,DIREITOS HUMANOS,6
PPS,DIREITOS HUMANOS,6
COMISSÃƒO ASSUNTOS MUNICIPAIS E REGIONALIZAÃ‡ÃƒO,DIVISÃƒO ADMINISTRATIVA,20
PMDB,DIVISÃƒO ADMINISTRATIVA,6
PSDB,DIVISÃƒO JUDICIÃRIA,5
CIDADANIA,Droga,10
PRTB,Droga,10
PDT,DROGA,9
PRB,DROGA,9
PT,DROGA,7
PSD,DROGA,6
GOVERNADOR EDUARDO AZEREDO,DROGA,5
CIDADANIA,EducaÃ§Ã£o,50
PSD,EducaÃ§Ã£o,42
PT,EducaÃ§Ã£o,40
PEN,EducaÃ§Ã£o,32
NOVO,EducaÃ§Ã£o,30
PSL,EducaÃ§Ã£o,30
PMDB,EducaÃ§Ã£o,24
REPUBLICANOS,EducaÃ§Ã£o,24
PSDB,EducaÃ§Ã£o,20
PTB,EducaÃ§Ã£o,20
SOLIDARIEDADE,EducaÃ§Ã£o,20
PSC,EducaÃ§Ã£o,19
PV,EducaÃ§Ã£o,12
MDB,EducaÃ§Ã£o,10
PL,EducaÃ§Ã£o,10
PODE,EducaÃ§Ã£o,10
PRTB,EducaÃ§Ã£o,10
PT,EDUCAÃ‡ÃƒO,141
PMDB,EDUCAÃ‡ÃƒO,109
PSDB,EDUCAÃ‡ÃƒO,106
DEM,EDUCAÃ‡ÃƒO,42
COMISSÃƒO PARTICIPAÃ‡ÃƒO POPULAR,EDUCAÃ‡ÃƒO,28
PTDOB,EDUCAÃ‡ÃƒO,28
PL,EDUCAÃ‡ÃƒO,27
PSB,EDUCAÃ‡ÃƒO,21
PMN,EDUCAÃ‡ÃƒO,20
PTB,EDUCAÃ‡ÃƒO,17
GOVERNADOR ITAMAR FRANCO,EDUCAÃ‡ÃƒO,12
PSD,EDUCAÃ‡ÃƒO,12
GOVERNADOR NEWTON CARDOSO,EDUCAÃ‡ÃƒO,10
PDT,EDUCAÃ‡ÃƒO,9
PP,EDUCAÃ‡ÃƒO,9
PRB,EDUCAÃ‡ÃƒO,9
PV,EDUCAÃ‡ÃƒO,9
Governador Fernando Damata Pimentel,Empresa AssistÃªncia TÃ©cnica ExtensÃ£o Rural Estado Minas Gerais (EMATER-MG),9
GOVERNADOR HÃ‰LIO GARCIA,EMPRESA ASSISTÃŠNCIA TÃ‰CNICA EXTENSÃƒO RURAL ESTADO MINAS GERAIS (EMATER-MG),7
GOVERNADOR HÃ‰LIO GARCIA,EMPRESA PÃšBLICA,11
PFL,EMPRESA PÃšBLICA,5
CIDADANIA,Energia,20
PSB,Energia,10
PP,Energia,6
PSDB,ENERGIA,10
PDT,ENERGIA,7
PPS,ENERGIA,7
GOVERNADOR HÃ‰LIO GARCIA,ENERGIA,6
PMDB,ENERGIA,6
CIDADANIA,Energia ElÃ©trica,10
PSD,Energia ElÃ©trica,10
PSDB,Energia ElÃ©trica,10
PDT,Energia ElÃ©trica,8
PT,ENERGIA ELÃ‰TRICA,14
GOVERNADOR AÃ‰CIO NEVES,ENERGIA ELÃ‰TRICA,7
PFL,ENERGIA ELÃ‰TRICA,7
PMDB,ENERGIA ELÃ‰TRICA,7
GOVERNADOR EDUARDO AZEREDO,ENERGIA ELÃ‰TRICA,5
PT,Ensino PÃºblico Estadual,91
PMDB,Ensino PÃºblico Estadual,48
PSB,Ensino PÃºblico Estadual,44
PV,Ensino PÃºblico Estadual,20
PSC,Ensino PÃºblico Estadual,17
PCdoB,Ensino PÃºblico Estadual,16
PRB,Ensino PÃºblico Estadual,16
PTdoB,Ensino PÃºblico Estadual,16
DEM,Ensino PÃºblico Estadual,10
PDT,Ensino PÃºblico Estadual,8
PEN,Ensino PÃºblico Estadual,8
PP,Ensino PÃºblico Estadual,8
PPS,Ensino PÃºblico Estadual,8
PR,Ensino PÃºblico Estadual,8
PSD,Ensino PÃºblico Estadual,8
REDE,Ensino PÃºblico Estadual,8
sem partido,Ensino PÃºblico Estadual,8
PSB,ENSINO PÃšBLICO ESTADUAL,15
DEM,ENSINO PÃšBLICO ESTADUAL,12
PFL,ENSINO PÃšBLICO ESTADUAL,6
PSDB,ENSINO PÃšBLICO ESTADUAL,5
PT,Ensino Superior,56
CIDADANIA,Ensino Superior,10
PCdoB,Ensino Superior,8
PSDB,ENSINO SUPERIOR,32
PT,ENSINO SUPERIOR,32
COMISSÃƒO PARTICIPAÃ‡ÃƒO POPULAR,ENSINO SUPERIOR,18
GOVERNADOR AÃ‰CIO NEVES,ENSINO SUPERIOR,14
PMDB,ENSINO SUPERIOR,6
AVANTE,Esporte e Lazer,20
CIDADANIA,Esporte e Lazer,20
PDT,Esporte e Lazer,12
PSD,Esporte e Lazer,12
MDB,Esporte e Lazer,10
PSL,Esporte e Lazer,10
PDT,ESPORTE E LAZER,50
COMISSÃƒO PARLAMENTAR DE INQUÃ‰RITO,ESPORTE E LAZER,20
PSDB,ESPORTE E LAZER,18
PT,ESPORTE E LAZER,15
PL,ESPORTE E LAZER,14
PEN,ESPORTE E LAZER,11
PTC,ESPORTE E LAZER,11
GOVERNADOR AÃ‰CIO NEVES,ESPORTE E LAZER,10
GOVERNADOR ANTONIO AUGUSTO JUNHO ANASTASIA,ESPORTE E LAZER,9
PCdoB,ESPORTE E LAZER,9
PV,ESPORTE E LAZER,9
PSB,ESPORTE E LAZER,8
PPS,ESPORTE E LAZER,7
SEM PARTIDO,ESPORTE E LAZER,7
PFL,ESPORTE E LAZER,6
PMDB,ESPORTE E LAZER,6
PPB,ESPORTE E LAZER,6
PT,Estabelecimento de Ensino,67
Governador Fernando Damata Pimentel,Estabelecimento de Ensino,39
PCdoB,Estabelecimento de Ensino,32
CIDADANIA,Estabelecimento de Ensino,30
MDB,Estabelecimento de Ensino,22
REPUBLICANOS,Estabelecimento de Ensino,10
PMDB,Estabelecimento de Ensino,8
PTdoB,Estabelecimento de Ensino,8
GOVERNADOR AÃ‰CIO NEVES,ESTABELECIMENTO DE ENSINO,197
PSDB,ESTABELECIMENTO DE ENSINO,116
PMDB,ESTABELECIMENTO DE ENSINO,54
GOVERNADOR ITAMAR FRANCO,ESTABELECIMENTO DE ENSINO,42
PFL,ESTABELECIMENTO DE ENSINO,39
PDT,ESTABELECIMENTO DE ENSINO,35
GOVERNADOR ANTONIO AUGUSTO JUNHO ANASTASIA,ESTABELECIMENTO DE ENSINO,28
PTB,ESTABELECIMENTO DE ENSINO,26
DEM,ESTABELECIMENTO DE ENSINO,22
PPS,ESTABELECIMENTO DE ENSINO,10
PMN,ESTABELECIMENTO DE ENSINO,9
PRN,ESTABELECIMENTO DE ENSINO,7
PRS,ESTABELECIMENTO DE ENSINO,7
PSD,ESTABELECIMENTO DE ENSINO,7
PPB,ESTABELECIMENTO DE ENSINO,6
PT,Estabelecimento Penal,44
CIDADANIA,Estabelecimento Penal,10
GOVERNADOR AÃ‰CIO NEVES,ESTABELECIMENTO PENAL,42
PSDB,ESTABELECIMENTO PENAL,5
PSD,Evento,10
COMISSÃƒO PARTICIPAÃ‡ÃƒO POPULAR,EVENTO,10
GOVERNADOR AÃ‰CIO NEVES,EVENTO,10
PEN,EVENTO,9
MESA DA ASSEMBLÃ‰IA,EVENTO,5
PT,EVENTO,5
PSL,ExecuÃ§Ã£o Penal,12
PTB,ExecuÃ§Ã£o Penal,12
PT,Executivo,108
PTB,Executivo,44
Governador Fernando Damata Pimentel,Executivo,38
PDT,Executivo,32
PSD,Executivo,32
Governador Romeu Zema Neto,Executivo,12
PV,Executivo,12
NOVO,Executivo,10
PSDB,Executivo,6
GOVERNADOR AÃ‰CIO NEVES,EXECUTIVO,273
GOVERNADOR HÃ‰LIO GARCIA,EXECUTIVO,101
GOVERNADOR FERNANDO DAMATA PIMENTEL,EXECUTIVO,96
GOVERNADOR ANTONIO AUGUSTO JUNHO ANASTASIA,EXECUTIVO,59
PSDB,EXECUTIVO,41
DEM,EXECUTIVO,32
PMDB,EXECUTIVO,25
GOVERNADOR EDUARDO AZEREDO,EXECUTIVO,24
COMISSÃƒO PARTICIPAÃ‡ÃƒO POPULAR,EXECUTIVO,22
GOVERNADOR NEWTON CARDOSO,EXECUTIVO,15
MESA DA ASSEMBLEIA,EXECUTIVO,10
GOVERNADOR ALBERTO PINTO COELHO JÃšNIOR,EXECUTIVO,9
MESA DA ASSEMBLÃ‰IA,EXECUTIVO,9
PP,EXECUTIVO,9
PTB,EXECUTIVO,8
Tribunal de JustiÃ§a,FinanÃ§as PÃºblicas,32
CIDADANIA,FinanÃ§as PÃºblicas,20
Governador Fernando Damata Pimentel,FinanÃ§as PÃºblicas,18
PSD,FinanÃ§as PÃºblicas,16
AVANTE,FinanÃ§as PÃºblicas,10
DEM,FinanÃ§as PÃºblicas,10
PT,FinanÃ§as PÃºblicas,10
PPS,FinanÃ§as PÃºblicas,9
PV,FinanÃ§as PÃºblicas,6
GOVERNADOR ANTONIO AUGUSTO JUNHO ANASTASIA,FINANÃ‡AS PÃšBLICAS,162
GOVERNADOR AÃ‰CIO NEVES,FINANÃ‡AS PÃšBLICAS,69
GOVERNADOR HÃ‰LIO GARCIA,FINANÃ‡AS PÃšBLICAS,40
GOVERNADOR EDUARDO AZEREDO,FINANÃ‡AS PÃšBLICAS,28
GOVERNADOR ALBERTO PINTO COELHO JÃšNIOR,FINANÃ‡AS PÃšBLICAS,27
PMDB,FINANÃ‡AS PÃšBLICAS,25
PSDB,FINANÃ‡AS PÃšBLICAS,16
PT,FINANÃ‡AS PÃšBLICAS,9
COMISSÃƒO ESPECIAL,FINANÃ‡AS PÃšBLICAS,7
GOVERNADOR ITAMAR FRANCO,FINANÃ‡AS PÃšBLICAS,6
PFL,FINANÃ‡AS PÃšBLICAS,6
PMN,FINANÃ‡AS PÃšBLICAS,6
Governador Fernando Damata Pimentel,FundaÃ§Ã£o ClÃ³vis Salgado (FCS),9
Governador Fernando Damata Pimentel,FundaÃ§Ã£o Hospitalar do Estado de Minas Gerais (FHEMIG),9
PTB,FundaÃ§Ã£o Hospitalar do Estado de Minas Gerais (FHEMIG),9
GOVERNADOR HÃ‰LIO GARCIA,FUNDAÃ‡ÃƒO HELENA ANTIPOFF (FHA),7
GOVERNADOR HÃ‰LIO GARCIA,FUNDAÃ‡ÃƒO HOSPITALAR DO ESTADO DE MINAS GERAIS (FHEMIG),7
GOVERNADOR ITAMAR FRANCO,FUNDAÃ‡ÃƒO HOSPITALAR DO ESTADO DE MINAS GERAIS (FHEMIG),6
GOVERNADOR EDUARDO AZEREDO,FUNDAÃ‡ÃƒO PÃšBLICA,7
PFL,FUNDAÃ‡ÃƒO PÃšBLICA,5
GOVERNADOR EDUARDO AZEREDO,FUNDAÃ‡ÃƒO RURAL MINEIRA COLONIZAÃ‡ÃƒO E DESENVOLVIMENTO AGRÃRIO (RURALMINAS),11
PP,Fundo Estadual,32
Governador Fernando Damata Pimentel,Fundo Estadual,21
Governador Romeu Zema Neto,Fundo Estadual,12
PT,Fundo Estadual,10
PV,Fundo Estadual,9
ComissÃ£o Direitos Humanos,Fundo Estadual,6
PT,FUNDO ESTADUAL,51
PMDB,FUNDO ESTADUAL,49
PTB,FUNDO ESTADUAL,34
GOVERNADOR AÃ‰CIO NEVES,FUNDO ESTADUAL,29
PSDB,FUNDO ESTADUAL,28
PSB,FUNDO ESTADUAL,20
GOVERNADOR ITAMAR FRANCO,FUNDO ESTADUAL,14
PDT,FUNDO ESTADUAL,14
PP,FUNDO ESTADUAL,14
PCdoB,FUNDO ESTADUAL,7
PFL,FUNDO ESTADUAL,7
PL,FUNDO ESTADUAL,7
PPS,FUNDO ESTADUAL,7
PSD,FUNDO ESTADUAL,6
GOVERNADOR EDUARDO AZEREDO,FUNDO ESTADUAL,5
GOVERNADOR HÃ‰LIO GARCIA,FUNDO ESTADUAL,5
CIDADANIA,HabitaÃ§Ã£o,30
REPUBLICANOS,HabitaÃ§Ã£o,22
ComissÃ£o Direitos Humanos,HabitaÃ§Ã£o,18
PSDB,HABITAÃ‡ÃƒO,22
PSB,HABITAÃ‡ÃƒO,20
PFL,HABITAÃ‡ÃƒO,17
GOVERNADOR AÃ‰CIO NEVES,HABITAÃ‡ÃƒO,10
PMN,HABITAÃ‡ÃƒO,6
PT,Homenagem,39
NOVO,Homenagem,12
REPUBLICANOS,Homenagem,12
PMDB,HOMENAGEM,15
PSD,HOMENAGEM,15
PPS,HOMENAGEM,12
GOVERNADOR ITAMAR FRANCO,HOMENAGEM,8
PDT,HOMENAGEM,7
PSB,HOMENAGEM,6
CIDADANIA,Idoso,30
PDT,Idoso,22
PSD,Idoso,10
PR,Idoso,8
PEN,IDOSO,82
PSDB,IDOSO,32
PSB,IDOSO,8
PMDB,IDOSO,7
SEM PARTIDO,IDOSO,7
PT,IDOSO,6
PTB,IDOSO,6
PSDB,IMÃ“VEL,366
GOVERNADOR AÃ‰CIO NEVES,IMÃ“VEL,256
PMDB,IMÃ“VEL,140
PSD,IMÃ“VEL,101
GOVERNADOR ANTONIO AUGUSTO JUNHO ANASTASIA,IMÃ“VEL,95
PFL,IMÃ“VEL,81
PTB,IMÃ“VEL,62
GOVERNADOR EDUARDO AZEREDO,IMÃ“VEL,57
PL,IMÃ“VEL,49
PV,IMÃ“VEL,40
GOVERNADOR HÃ‰LIO GARCIA,IMÃ“VEL,35
PSB,IMÃ“VEL,30
PTDOB,IMÃ“VEL,28
PPS,IMÃ“VEL,26
PT,IMÃ“VEL,25
PSDB,ImÃ³vel,227
PT,ImÃ³vel,133
PV,ImÃ³vel,98
PTB,ImÃ³vel,56
MDB,ImÃ³vel,52
PSD,ImÃ³vel,47
PDT,ImÃ³vel,40
PTdoB,ImÃ³vel,40
AVANTE,ImÃ³vel,36
PSB,ImÃ³vel,36
PHS,ImÃ³vel,32
PPS,ImÃ³vel,32
PR,ImÃ³vel,32
PSC,ImÃ³vel,32
DEM,ImÃ³vel,30
PMDB,IMPOSTO SOBRE A PROPRIEDADE DE VEÃCULOS AUTOMOTORES (IPVA),20
DEM,IMPOSTO SOBRE A PROPRIEDADE DE VEÃCULOS AUTOMOTORES (IPVA),10
PRB,IMPOSTO SOBRE A PROPRIEDADE DE VEÃCULOS AUTOMOTORES (IPVA),9
PSB,IMPOSTO SOBRE A PROPRIEDADE DE VEÃCULOS AUTOMOTORES (IPVA),8
PSDB,IMPOSTO SOBRE A PROPRIEDADE DE VEÃCULOS AUTOMOTORES (IPVA),8
PL,IMPOSTO SOBRE A PROPRIEDADE DE VEÃCULOS AUTOMOTORES (IPVA),7
Governador Romeu Zema Neto,Imposto sobre a Propriedade de VeÃ­culos Automotores (IPVA),20
PSL,Imposto sobre a Propriedade de VeÃ­culos Automotores (IPVA),12
PT,Imposto sobre a Propriedade de VeÃ­culos Automotores (IPVA),10
REPUBLICANOS,Imposto sobre a Propriedade de VeÃ­culos Automotores (IPVA),10
PDT,Imposto sobre a Propriedade de VeÃ­culos Automotores (IPVA),8
CIDADANIA,Imposto sobre CirculaÃ§Ã£o de Mercadorias e ServiÃ§os (ICMS),30
Governador Romeu Zema Neto,Imposto sobre CirculaÃ§Ã£o de Mercadorias e ServiÃ§os (ICMS),10
PROS,Imposto sobre CirculaÃ§Ã£o de Mercadorias e ServiÃ§os (ICMS),10
PP,Imposto sobre CirculaÃ§Ã£o de Mercadorias e ServiÃ§os (ICMS),6
PMDB,IMPOSTO SOBRE CIRCULAÃ‡ÃƒO DE MERCADORIAS E SERVIÃ‡OS (ICMS),36
GOVERNADOR EDUARDO AZEREDO,IMPOSTO SOBRE CIRCULAÃ‡ÃƒO DE MERCADORIAS E SERVIÃ‡OS (ICMS),17
PL,IMPOSTO SOBRE CIRCULAÃ‡ÃƒO DE MERCADORIAS E SERVIÃ‡OS (ICMS),14
PMN,IMPOSTO SOBRE CIRCULAÃ‡ÃƒO DE MERCADORIAS E SERVIÃ‡OS (ICMS),12
PDT,IMPOSTO SOBRE CIRCULAÃ‡ÃƒO DE MERCADORIAS E SERVIÃ‡OS (ICMS),9
PEN,IMPOSTO SOBRE CIRCULAÃ‡ÃƒO DE MERCADORIAS E SERVIÃ‡OS (ICMS),9
PT,IMPOSTO SOBRE CIRCULAÃ‡ÃƒO DE MERCADORIAS E SERVIÃ‡OS (ICMS),9
GOVERNADOR AÃ‰CIO NEVES,IMPOSTO SOBRE CIRCULAÃ‡ÃƒO DE MERCADORIAS E SERVIÃ‡OS (ICMS),7
COMISSÃƒO ESPECIAL,IMPOSTO SOBRE CIRCULAÃ‡ÃƒO DE MERCADORIAS E SERVIÃ‡OS (ICMS),6
GOVERNADOR ITAMAR FRANCO,IMPOSTO SOBRE CIRCULAÃ‡ÃƒO DE MERCADORIAS E SERVIÃ‡OS (ICMS),6
PPS,IMPOSTO SOBRE CIRCULAÃ‡ÃƒO DE MERCADORIAS E SERVIÃ‡OS (ICMS),6
PSDB,IMPOSTO SOBRE CIRCULAÃ‡ÃƒO DE MERCADORIAS E SERVIÃ‡OS (ICMS),6
GOVERNADOR HÃ‰LIO GARCIA,IMPOSTO SOBRE CIRCULAÃ‡ÃƒO DE MERCADORIAS E SERVIÃ‡OS (ICMS),5
GOVERNADOR HÃ‰LIO GARCIA,IMPRENSA OFICIAL DO ESTADO DE MINAS GERAIS (IOMG),11
GOVERNADOR NEWTON CARDOSO,IMPRENSA OFICIAL DO ESTADO DE MINAS GERAIS (IOMG),5
CIDADANIA,Incentivo Fiscal,40
PSD,Incentivo Fiscal,10
PSDB,INCENTIVO FISCAL,21
DEM,INCENTIVO FISCAL,12
PT,INDÃGENA,32
COMISSÃƒO PARTICIPAÃ‡ÃƒO POPULAR,INDÃGENA,9
PSB,INDÃGENA,9
PP,IndÃºstria,32
PSDB,IndÃºstria,32
PSC,IndÃºstria ComÃ©rcio e ServiÃ§o,9
PT,IndÃºstria ComÃ©rcio e ServiÃ§o,9
CIDADANIA,"IndÃºstria, ComÃ©rcio e ServiÃ§os",110
PDT,"IndÃºstria, ComÃ©rcio e ServiÃ§os",49
PPS,"IndÃºstria, ComÃ©rcio e ServiÃ§os",40
PSD,"IndÃºstria, ComÃ©rcio e ServiÃ§os",32
PSDB,"IndÃºstria, ComÃ©rcio e ServiÃ§os",30
AVANTE,"IndÃºstria, ComÃ©rcio e ServiÃ§os",20
PSL,"IndÃºstria, ComÃ©rcio e ServiÃ§os",20
PT,"IndÃºstria, ComÃ©rcio e ServiÃ§os",19
MDB,"IndÃºstria, ComÃ©rcio e ServiÃ§os",12
PV,"IndÃºstria, ComÃ©rcio e ServiÃ§os",12
SOLIDARIEDADE,"IndÃºstria, ComÃ©rcio e ServiÃ§os",12
NOVO,"IndÃºstria, ComÃ©rcio e ServiÃ§os",10
REDE,"IndÃºstria, ComÃ©rcio e ServiÃ§os",10
PSB,"IndÃºstria, ComÃ©rcio e ServiÃ§os",8
PSC,"IndÃºstria, ComÃ©rcio e ServiÃ§os",6
PTC,INDÃšSTRIA,11
GOVERNADOR EDUARDO AZEREDO,INDÃšSTRIA,10
GOVERNADOR ITAMAR FRANCO,INDÃšSTRIA,8
GOVERNADOR AÃ‰CIO NEVES,INDÃšSTRIA,7
PL,INDÃšSTRIA,7
PMDB,INDÃšSTRIA,6
PPB,INDÃšSTRIA,6
PSDB,INDÃšSTRIA,6
GOVERNADOR HÃ‰LIO GARCIA,INDÃšSTRIA,5
PSD,"INDÃšSTRIA, COMÃ‰RCIO E SERVIÃ‡OS",28
PSDB,"INDÃšSTRIA, COMÃ‰RCIO E SERVIÃ‡OS",12
PR,"INDÃšSTRIA, COMÃ‰RCIO E SERVIÃ‡OS",11
PEN,"INDÃšSTRIA, COMÃ‰RCIO E SERVIÃ‡OS",9
MESA DA ASSEMBLÃ‰IA,INSTITUTO DE PREVIDÃŠNCIA DO LEGISLATIVO DO ESTADO DE MINAS GERAIS (IPLEMG),11
MESA DA ASSEMBLEIA,INSTITUTO DE PREVIDÃŠNCIA DO LEGISLATIVO DO ESTADO DE MINAS GERAIS (IPLEMG),10
PMDB,INSTITUTO DE PREVIDÃŠNCIA DOS SERVIDORES DO ESTADO DE MINAS GERAIS (IPSEMG),20
GOVERNADOR AÃ‰CIO NEVES,INSTITUTO DE PREVIDÃŠNCIA DOS SERVIDORES DO ESTADO DE MINAS GERAIS (IPSEMG),14
GOVERNADOR HÃ‰LIO GARCIA,INSTITUTO DE PREVIDÃŠNCIA DOS SERVIDORES DO ESTADO DE MINAS GERAIS (IPSEMG),6
GOVERNADOR ITAMAR FRANCO,INSTITUTO DE PREVIDÃŠNCIA DOS SERVIDORES DO ESTADO DE MINAS GERAIS (IPSEMG),6
PFL,INSTITUTO DE PREVIDÃŠNCIA DOS SERVIDORES DO ESTADO DE MINAS GERAIS (IPSEMG),6
GOVERNADOR AÃ‰CIO NEVES,INSTITUTO DE PREVIDÃŠNCIA SERVIDORES MILITARES ESTADO MINAS GERAIS (IPSM),24
GOVERNADOR HÃ‰LIO GARCIA,INSTITUTO DE PREVIDÃŠNCIA SERVIDORES MILITARES ESTADO MINAS GERAIS (IPSM),13
GOVERNADOR NEWTON CARDOSO,INSTITUTO DE PREVIDÃŠNCIA SERVIDORES MILITARES ESTADO MINAS GERAIS (IPSM),5
GOVERNADOR AÃ‰CIO NEVES,INSTITUTO ESTADUAL DE FLORESTAS (IEF),10
GOVERNADOR HÃ‰LIO GARCIA,INSTITUTO ESTADUAL DE FLORESTAS (IEF),5
PMDB,INSTITUTO MINEIRO DE AGROPECUÃRIA (IMA),6
GOVERNADOR HÃ‰LIO GARCIA,INSTITUTO MINEIRO DE AGROPECUÃRIA (IMA),5
PDT,Jogo de Azar,32
COMISSÃƒO PARLAMENTAR DE INQUÃ‰RITO,JOGO DE AZAR,10
PDT,JOGO DE AZAR,6
Tribunal de JustiÃ§a,JudiciÃ¡rio,10
TRIBUNAL DE JUSTIÃ‡A,JUDICIÃRIO,106
PT,JUDICIÃRIO,18
DEM,JUDICIÃRIO,10
GOVERNADOR EDUARDO AZEREDO,JUDICIÃRIO,10
PL,JUDICIÃRIO,7
PRN,JUDICIÃRIO,7
PMN,JUDICIÃRIO,6
GOVERNADOR NEWTON CARDOSO,JUDICIÃRIO,5
PMDB,JUDICIÃRIO,5
PSDB,JUDICIÃRIO,5
PT,Legislativo,20
PSOL,Legislativo,10
REDE,Legislativo,10
COMISSÃƒO PARTICIPAÃ‡ÃƒO POPULAR,LEGISLATIVO,12
PMDB,LEGISLATIVO,12
MESA DA ASSEMBLÃ‰IA,LEGISLATIVO,6
PFL,LEGISLATIVO,5
DEM,LICITAÃ‡ÃƒO,20
PFL,LICITAÃ‡ÃƒO,17
PDT,LICITAÃ‡ÃƒO,15
PV,LICITAÃ‡ÃƒO,11
GOVERNADOR AÃ‰CIO NEVES,LICITAÃ‡ÃƒO,10
PT,LICITAÃ‡ÃƒO,10
PDT,Loteria do Estado de Minas Gerais (LEMG),32
PT,Loteria do Estado de Minas Gerais (LEMG),32
PDT,LOTERIA DO ESTADO DE MINAS GERAIS (LEMG),6
COMISSÃƒO PARLAMENTAR DE INQUÃ‰RITO,LOTERIA DO ESTADO DE MINAS GERAIS (LEMG),5
PSDB,Meio Ambiente,134
PP,Meio Ambiente,64
CIDADANIA,Meio Ambiente,60
DEM,Meio Ambiente,41
PMDB,Meio Ambiente,40
PCdoB,Meio Ambiente,32
PT,Meio Ambiente,29
PDT,Meio Ambiente,24
PV,Meio Ambiente,21
AVANTE,Meio Ambiente,20
Governador Romeu Zema Neto,Meio Ambiente,12
PSB,Meio Ambiente,12
PSL,Meio Ambiente,12
REPUBLICANOS,Meio Ambiente,12
SOLIDARIEDADE,Meio Ambiente,12
PSDB,MEIO AMBIENTE,139
PT,MEIO AMBIENTE,98
PMDB,MEIO AMBIENTE,94
GOVERNADOR AÃ‰CIO NEVES,MEIO AMBIENTE,60
PEN,MEIO AMBIENTE,50
PSB,MEIO AMBIENTE,49
PP,MEIO AMBIENTE,46
PPS,MEIO AMBIENTE,41
PDT,MEIO AMBIENTE,34
PL,MEIO AMBIENTE,34
PTB,MEIO AMBIENTE,32
PV,MEIO AMBIENTE,30
PFL,MEIO AMBIENTE,23
PTC,MEIO AMBIENTE,20
PMN,MEIO AMBIENTE,12
PSDB,MineraÃ§Ã£o,64
PCdoB,MineraÃ§Ã£o,32
PEN,MineraÃ§Ã£o,32
PMDB,MineraÃ§Ã£o,32
PT,MineraÃ§Ã£o,10
Procurador-Geral de JustiÃ§a,MinistÃ©rio PÃºblico do Estado de Minas Gerais (MPMG),19
PTB,MinistÃ©rio PÃºblico do Estado de Minas Gerais (MPMG),9
PROCURADOR-GERAL DE JUSTIÃ‡A,MINISTÃ‰RIO PÃšBLICO DO ESTADO DE MINAS GERAIS (MPMG),57
GOVERNADOR NEWTON CARDOSO,MINISTÃ‰RIO PÃšBLICO DO ESTADO DE MINAS GERAIS (MPMG),15
GOVERNADOR ANTONIO AUGUSTO JUNHO ANASTASIA,MINISTÃ‰RIO PÃšBLICO DO ESTADO DE MINAS GERAIS (MPMG),10
PSDB,MINISTÃ‰RIO PÃšBLICO DO ESTADO DE MINAS GERAIS (MPMG),10
PT,Mulher,53
PTB,Mulher,20
CIDADANIA,Mulher,10
PSL,Mulher,10
PSOL,Mulher,10
REDE,Mulher,10
PR,Mulher,8
PSD,MULHER,28
PSDB,MULHER,25
PHS,MULHER,20
PMDB,MULHER,11
PT,MULHER,11
GOVERNADOR ANTONIO AUGUSTO JUNHO ANASTASIA,MUNICÃPIOS E DESENVOLVIMENTO REGIONAL,28
PMDB,MUNICÃPIOS E DESENVOLVIMENTO REGIONAL,18
PSDB,MUNICÃPIOS E DESENVOLVIMENTO REGIONAL,16
BANCADA DO PMDB,MUNICÃPIOS E DESENVOLVIMENTO REGIONAL,14
GOVERNADOR HÃ‰LIO GARCIA,MUNICÃPIOS E DESENVOLVIMENTO REGIONAL,12
GOVERNADOR ITAMAR FRANCO,MUNICÃPIOS E DESENVOLVIMENTO REGIONAL,12
PDT,MUNICÃPIOS E DESENVOLVIMENTO REGIONAL,11
GOVERNADOR EDUARDO AZEREDO,MUNICÃPIOS E DESENVOLVIMENTO REGIONAL,7
PSB,MUNICÃPIOS E DESENVOLVIMENTO REGIONAL,6
PFL,MUNICÃPIOS E DESENVOLVIMENTO REGIONAL,5
PPB,MUNICÃPIOS E DESENVOLVIMENTO REGIONAL,5
PT,MUNICÃPIOS E DESENVOLVIMENTO REGIONAL,5
PP,MunicÃ­pios e Desenvolvimento Regional,32
PSDB,MunicÃ­pios e Desenvolvimento Regional,32
PT,MunicÃ­pios e Desenvolvimento Regional,29
PDT,MunicÃ­pios e Desenvolvimento Regional,16
MDB,MunicÃ­pios e Desenvolvimento Regional,12
PSL,MunicÃ­pios e Desenvolvimento Regional,12
SOLIDARIEDADE,MunicÃ­pios e Desenvolvimento Regional,12
CIDADANIA,MunicÃ­pios e Desenvolvimento Regional,10
PT,Negro,52
PSD,Negro,12
REPUBLICANOS,Negro,12
COMISSÃƒO PARTICIPAÃ‡ÃƒO POPULAR,NEGRO,9
PSB,NEGRO,9
AVANTE,Norma,12
PTB,Norma,12
PV,Norma,12
NOVO,Norma,10
PP,Norma,10
PPS,Norma,8
PR,Norma,6
PSDB,Norma,6
Governador Fernando Damata Pimentel,OrÃ§amento,53
COMISSÃƒO PARTICIPAÃ‡ÃƒO POPULAR,ORÃ‡AMENTO,22
DEM,ORÃ‡AMENTO,10
GOVERNADOR ANTONIO AUGUSTO JUNHO ANASTASIA,ORÃ‡AMENTO,10
GOVERNADOR HÃ‰LIO GARCIA,ORÃ‡AMENTO,10
PSDB,ORÃ‡AMENTO,10
GOVERNADOR EDUARDO AZEREDO,ORÃ‡AMENTO,5
GOVERNADOR NEWTON CARDOSO,ORÃ‡AMENTO,5
MESA DA ASSEMBLÃ‰IA,ORÃ‡AMENTO,5
PTB,OrganizaÃ§Ã£o Administrativa,32
Governador Fernando Damata Pimentel,OrganizaÃ§Ã£o Administrativa,15
Governador Romeu Zema Neto,OrganizaÃ§Ã£o Administrativa,12
PT,OrganizaÃ§Ã£o Administrativa,10
PSDB,OrganizaÃ§Ã£o Administrativa,6
GOVERNADOR HÃ‰LIO GARCIA,ORGANIZAÃ‡ÃƒO ADMINISTRATIVA,108
GOVERNADOR FERNANDO DAMATA PIMENTEL,ORGANIZAÃ‡ÃƒO ADMINISTRATIVA,64
DEM,ORGANIZAÃ‡ÃƒO ADMINISTRATIVA,20
GOVERNADOR AÃ‰CIO NEVES,ORGANIZAÃ‡ÃƒO ADMINISTRATIVA,16
GOVERNADOR NEWTON CARDOSO,ORGANIZAÃ‡ÃƒO ADMINISTRATIVA,15
GOVERNADOR EDUARDO AZEREDO,ORGANIZAÃ‡ÃƒO ADMINISTRATIVA,12
GOVERNADOR ITAMAR FRANCO,ORGANIZAÃ‡ÃƒO ADMINISTRATIVA,12
PMDB,ORGANIZAÃ‡ÃƒO ADMINISTRATIVA,8
TRIBUNAL DE JUSTIÃ‡A,ORGANIZAÃ‡ÃƒO ADMINISTRATIVA,7
MDB,PatrimÃ´nio,12
CIDADANIA,PatrimÃ´nio,10
PRTB,PatrimÃ´nio,10
PT,PatrimÃ´nio Cultural,39
PSD,PatrimÃ´nio Cultural,12
PRTB,PatrimÃ´nio Cultural,10
PSDB,PatrimÃ´nio Cultural,10
AVANTE,PatrimÃ´nio Cultural,6
PT,Pessoa com DeficiÃªncia,52
PDT,Pessoa com DeficiÃªncia,34
PEN,Pessoa com DeficiÃªncia,32
PMN,Pessoa com DeficiÃªncia,32
PPS,Pessoa com DeficiÃªncia,32
CIDADANIA,Pessoa com DeficiÃªncia,30
PCdoB,Pessoa com DeficiÃªncia,10
PP,Pessoa com DeficiÃªncia,10
REDE,Pessoa com DeficiÃªncia,10
PR,Pessoa com DeficiÃªncia,8
PSB,Pessoa com DeficiÃªncia,8
PSDB,PESSOA COM DEFICIÃŠNCIA,73
PEN,PESSOA COM DEFICIÃŠNCIA,64
PTB,PESSOA COM DEFICIÃŠNCIA,26
PSB,PESSOA COM DEFICIÃŠNCIA,25
PT,PESSOA COM DEFICIÃŠNCIA,22
PMN,PESSOA COM DEFICIÃŠNCIA,20
PSD,PESSOA COM DEFICIÃŠNCIA,18
DEM,PESSOA COM DEFICIÃŠNCIA,10
PDT,PESSOA COM DEFICIÃŠNCIA,10
COMISSÃƒO PARTICIPAÃ‡ÃƒO POPULAR,PESSOA COM DEFICIÃŠNCIA,9
PMDB,PESSOA COM DEFICIÃŠNCIA,7
PRS,PESSOA COM DEFICIÃŠNCIA,7
PPS,PESSOA COM DEFICIÃŠNCIA,6
PT,Pessoal,214
PTB,Pessoal,105
Governador Fernando Damata Pimentel,Pessoal,65
Tribunal de JustiÃ§a,Pessoal,61
PDT,Pessoal,50
PMDB,Pessoal,48
CIDADANIA,Pessoal,40
PSD,Pessoal,40
PSB,Pessoal,32
Governador Romeu Zema Neto,Pessoal,22
PSC,Pessoal,20
Procurador-Geral de JustiÃ§a,Pessoal,19
Defensoria PÃºblica,Pessoal,16
Mesa da Assembleia,Pessoal,16
PCdoB,Pessoal,16
PTdoB,Pessoal,16
GOVERNADOR AÃ‰CIO NEVES,PESSOAL,323
TRIBUNAL DE JUSTIÃ‡A,PESSOAL,124
GOVERNADOR FERNANDO DAMATA PIMENTEL,PESSOAL,96
GOVERNADOR ANTONIO AUGUSTO JUNHO ANASTASIA,PESSOAL,87
GOVERNADOR HÃ‰LIO GARCIA,PESSOAL,77
PSDB,PESSOAL,58
PROCURADOR-GERAL DE JUSTIÃ‡A,PESSOAL,48
GOVERNADOR NEWTON CARDOSO,PESSOAL,45
GOVERNADOR ITAMAR FRANCO,PESSOAL,38
MESA DA ASSEMBLEIA,PESSOAL,38
TRIBUNAL DE CONTAS,PESSOAL,37
PMDB,PESSOAL,33
DEM,PESSOAL,32
GOVERNADOR EDUARDO AZEREDO,PESSOAL,31
MESA DA ASSEMBLÃ‰IA,PESSOAL,23
Governador Romeu Zema Neto,Pessoal Militar,10
PDT,Pessoal Militar,10
PMDB,Pessoal Militar,8
Governador Fernando Damata Pimentel,Pessoal Militar,6
PSDB,PESSOAL MILITAR,18
GOVERNADOR HÃ‰LIO GARCIA,PESSOAL MILITAR,15
GOVERNADOR AÃ‰CIO NEVES,PESSOAL MILITAR,10
GOVERNADOR ITAMAR FRANCO,PESSOAL MILITAR,8
GOVERNADOR NEWTON CARDOSO,PESSOAL MILITAR,5
PSDB,POLÃCIA CIVIL DO ESTADO DE MINAS GERAIS (PCMG),12
GOVERNADOR AÃ‰CIO NEVES,POLÃCIA CIVIL DO ESTADO DE MINAS GERAIS (PCMG),7
GOVERNADOR HÃ‰LIO GARCIA,POLÃCIA CIVIL DO ESTADO DE MINAS GERAIS (PCMG),7
PSDB,POLÃCIA MILITAR DO ESTADO DE MINAS GERAIS (PMMG),30
GOVERNADOR HÃ‰LIO GARCIA,POLÃCIA MILITAR DO ESTADO DE MINAS GERAIS (PMMG),15
GOVERNADOR AÃ‰CIO NEVES,POLÃCIA MILITAR DO ESTADO DE MINAS GERAIS (PMMG),14
GOVERNADOR NEWTON CARDOSO,POLÃCIA MILITAR DO ESTADO DE MINAS GERAIS (PMMG),10
PEN,POLÃCIA MILITAR DO ESTADO DE MINAS GERAIS (PMMG),9
GOVERNADOR ITAMAR FRANCO,POLÃTICA FUNDIÃRIA,20
PFL,POLÃTICA FUNDIÃRIA,17
PT,POLÃTICA FUNDIÃRIA,14
PPS,POLÃTICA FUNDIÃRIA,9
Governador Romeu Zema Neto,PolÃ­cia Militar do Estado de Minas Gerais (PMMG),10
PMDB,PolÃ­cia Militar do Estado de Minas Gerais (PMMG),8
Governador Fernando Damata Pimentel,PolÃ­cia Militar do Estado de Minas Gerais (PMMG),6
CIDADANIA,PolÃ­tica FundiÃ¡ria,10
Governador Fernando Damata Pimentel,PolÃ­tica FundiÃ¡ria,6
REPUBLICANOS,Povos e Comunidades Tradicionais,12
PDT,Povos e Comunidades Tradicionais,10
GOVERNADOR AÃ‰CIO NEVES,PRÃ“PRIO PÃšBLICO,255
PSDB,PRÃ“PRIO PÃšBLICO,226
PMDB,PRÃ“PRIO PÃšBLICO,146
PFL,PRÃ“PRIO PÃšBLICO,93
PTB,PRÃ“PRIO PÃšBLICO,54
PDT,PRÃ“PRIO PÃšBLICO,51
PP,PRÃ“PRIO PÃšBLICO,51
GOVERNADOR ITAMAR FRANCO,PRÃ“PRIO PÃšBLICO,48
GOVERNADOR ANTONIO AUGUSTO JUNHO ANASTASIA,PRÃ“PRIO PÃšBLICO,47
PT,PRÃ“PRIO PÃšBLICO,45
DEM,PRÃ“PRIO PÃšBLICO,43
PPS,PRÃ“PRIO PÃšBLICO,41
PTDOB,PRÃ“PRIO PÃšBLICO,35
PRP,PRÃ“PRIO PÃšBLICO,28
PL,PRÃ“PRIO PÃšBLICO,24
PT,PrÃ³prio PÃºblico,92
PV,PrÃ³prio PÃºblico,51
Governador Fernando Damata Pimentel,PrÃ³prio PÃºblico,39
MDB,PrÃ³prio PÃºblico,38
PCdoB,PrÃ³prio PÃºblico,32
PSB,PrÃ³prio PÃºblico,25
PMDB,PrÃ³prio PÃºblico,24
PDT,PrÃ³prio PÃºblico,22
PSDB,PrÃ³prio PÃºblico,16
PSD,PrÃ³prio PÃºblico,10
REPUBLICANOS,PrÃ³prio PÃºblico,10
DEM,PrÃ³prio PÃºblico,9
Tribunal de JustiÃ§a,PrÃ³prio PÃºblico,9
PTdoB,PrÃ³prio PÃºblico,8
PR,PrÃ³prio PÃºblico,6
PSN,PRESTAÃ‡ÃƒO DE CONTAS,6
GOVERNADOR HÃ‰LIO GARCIA,PRESTAÃ‡ÃƒO DE CONTAS,5
Governador Fernando Damata Pimentel,PrevidÃªncia Social,6
PPS,PREVIDÃŠNCIA SOCIAL,8
PP,PREVIDÃŠNCIA SOCIAL,7
CIDADANIA,ProteÃ§Ã£o aos Animais,50
PSC,ProteÃ§Ã£o aos Animais,21
PTC,ProteÃ§Ã£o aos Animais,9
DEM,ProteÃ§Ã£o aos Animais,6
PEN,PROTEÃ‡ÃƒO AOS ANIMAIS,164
PDT,PROTEÃ‡ÃƒO AOS ANIMAIS,11
PSD,PROTEÃ‡ÃƒO AOS ANIMAIS,9
PTC,PROTEÃ‡ÃƒO AOS ANIMAIS,9
PSL,PublicaÃ§Ã£o Oficial,10
PT,PublicaÃ§Ã£o Oficial,10
PTB,PublicaÃ§Ã£o Oficial,10
MESA DA ASSEMBLÃ‰IA,PUBLICAÃ‡ÃƒO OFICIAL,5
PT,RECURSO HÃDRICO,34
GOVERNADOR AÃ‰CIO NEVES,RECURSO HÃDRICO,20
PP,RECURSO HÃDRICO,20
PSDB,RECURSO HÃDRICO,18
PFL,RECURSO HÃDRICO,7
PMDB,RECURSO HÃDRICO,7
PP,Recurso HÃ­drico,32
PSDB,Recurso HÃ­drico,32
PSL,Recurso HÃ­drico,12
PT,Recurso HÃ­drico,12
CIDADANIA,Recurso HÃ­drico,10
PDT,REGIÃƒO METROPOLITANA,11
PP,Regulamento,6
PSD,ReligiÃ£o,12
PT,ReligiÃ£o,12
PL,RELIGIÃƒO,14
PMDB,RELIGIÃƒO,6
CIDADANIA,SaÃºde PÃºblica,90
PPS,SaÃºde PÃºblica,89
PT,SaÃºde PÃºblica,59
DEM,SaÃºde PÃºblica,44
PSC,SaÃºde PÃºblica,42
PSL,SaÃºde PÃºblica,42
PMN,SaÃºde PÃºblica,32
PSDB,SaÃºde PÃºblica,32
NOVO,SaÃºde PÃºblica,30
PSD,SaÃºde PÃºblica,26
MDB,SaÃºde PÃºblica,22
PR,SaÃºde PÃºblica,22
PRTB,SaÃºde PÃºblica,20
REDE,SaÃºde PÃºblica,20
SOLIDARIEDADE,SaÃºde PÃºblica,20
PSDB,SAÃšDE PÃšBLICA,330
PT,SAÃšDE PÃšBLICA,136
PSD,SAÃšDE PÃšBLICA,105
PSB,SAÃšDE PÃšBLICA,97
PMDB,SAÃšDE PÃšBLICA,87
PEN,SAÃšDE PÃšBLICA,82
PTB,SAÃšDE PÃšBLICA,67
PL,SAÃšDE PÃšBLICA,54
PPS,SAÃšDE PÃšBLICA,49
PCdoB,SAÃšDE PÃšBLICA,44
PDT,SAÃšDE PÃšBLICA,40
GOVERNADOR AÃ‰CIO NEVES,SAÃšDE PÃšBLICA,34
DEM,SAÃšDE PÃšBLICA,32
PFL,SAÃšDE PÃšBLICA,29
GOVERNADOR HÃ‰LIO GARCIA,SAÃšDE PÃšBLICA,24
DEM,Saneamento BÃ¡sico,22
CIDADANIA,Saneamento BÃ¡sico,20
REDE,Saneamento BÃ¡sico,8
PDT,Saneamento BÃ¡sico,6
PT,SANEAMENTO BÃSICO,26
PP,SANEAMENTO BÃSICO,14
PSD,SANEAMENTO BÃSICO,7
GOVERNADOR ITAMAR FRANCO,SANEAMENTO BÃSICO,6
PMDB,SANEAMENTO BÃSICO,6
PT,Secretaria de Estado,32
PTB,Secretaria de Estado,32
GOVERNADOR HÃ‰LIO GARCIA,SECRETARIA DE ESTADO,49
GOVERNADOR AÃ‰CIO NEVES,SECRETARIA DE ESTADO,35
GOVERNADOR ITAMAR FRANCO,SECRETARIA DE ESTADO,24
PL,SECRETARIA DE ESTADO,14
GOVERNADOR NEWTON CARDOSO,SECRETARIA DE ESTADO,10
PSDB,SECRETARIA DE ESTADO,10
GOVERNADOR ALBERTO PINTO COELHO JÃšNIOR,SECRETARIA DE ESTADO,9
PMDB,SECRETARIA DE ESTADO,8
GOVERNADOR EDUARDO AZEREDO,SECRETARIA DE ESTADO,6
PSD,SECRETARIA DE ESTADO,6
GOVERNADOR HÃ‰LIO GARCIA,SECRETARIA DE ESTADO DA CULTURA (SEC),5
PT,Secretaria de Estado de EducaÃ§Ã£o (SEE),84
PMDB,Secretaria de Estado de EducaÃ§Ã£o (SEE),48
PSB,Secretaria de Estado de EducaÃ§Ã£o (SEE),32
PCdoB,Secretaria de Estado de EducaÃ§Ã£o (SEE),16
PTdoB,Secretaria de Estado de EducaÃ§Ã£o (SEE),16
Governador Romeu Zema Neto,Secretaria de Estado de EducaÃ§Ã£o (SEE),10
PDT,Secretaria de Estado de EducaÃ§Ã£o (SEE),8
PEN,Secretaria de Estado de EducaÃ§Ã£o (SEE),8
PP,Secretaria de Estado de EducaÃ§Ã£o (SEE),8
PPS,Secretaria de Estado de EducaÃ§Ã£o (SEE),8
PR,Secretaria de Estado de EducaÃ§Ã£o (SEE),8
PRB,Secretaria de Estado de EducaÃ§Ã£o (SEE),8
PSC,Secretaria de Estado de EducaÃ§Ã£o (SEE),8
PSD,Secretaria de Estado de EducaÃ§Ã£o (SEE),8
PV,Secretaria de Estado de EducaÃ§Ã£o (SEE),8
REDE,Secretaria de Estado de EducaÃ§Ã£o (SEE),8
sem partido,Secretaria de Estado de EducaÃ§Ã£o (SEE),8
PT,SeguranÃ§a PÃºblica,135
CIDADANIA,SeguranÃ§a PÃºblica,80
PPS,SeguranÃ§a PÃºblica,57
PDT,SeguranÃ§a PÃºblica,50
PEN,SeguranÃ§a PÃºblica,49
PMDB,SeguranÃ§a PÃºblica,48
PP,SeguranÃ§a PÃºblica,40
PSB,SeguranÃ§a PÃºblica,40
PSL,SeguranÃ§a PÃºblica,36
PSDB,SeguranÃ§a PÃºblica,32
REDE,SeguranÃ§a PÃºblica,28
PR,SeguranÃ§a PÃºblica,22
PSOL,SeguranÃ§a PÃºblica,22
PTB,SeguranÃ§a PÃºblica,22
PRTB,SeguranÃ§a PÃºblica,20
PSD,SeguranÃ§a PÃºblica,20
PSDB,SEGURANÃ‡A PÃšBLICA,142
PDT,SEGURANÃ‡A PÃšBLICA,90
PT,SEGURANÃ‡A PÃšBLICA,65
PSD,SEGURANÃ‡A PÃšBLICA,45
PTB,SEGURANÃ‡A PÃšBLICA,39
PEN,SEGURANÃ‡A PÃšBLICA,29
GOVERNADOR AÃ‰CIO NEVES,SEGURANÃ‡A PÃšBLICA,28
PPS,SEGURANÃ‡A PÃšBLICA,28
PTDOB,SEGURANÃ‡A PÃšBLICA,28
PL,SEGURANÃ‡A PÃšBLICA,27
PFL,SEGURANÃ‡A PÃšBLICA,23
PMDB,SEGURANÃ‡A PÃšBLICA,21
DEM,SEGURANÃ‡A PÃšBLICA,20
PHS,SEGURANÃ‡A PÃšBLICA,20
PSC,SEGURANÃ‡A PÃšBLICA,20
CIDADANIA,ServiÃ§o PÃºblico,20
DEM,ServiÃ§o PÃºblico,10
Governador Fernando Damata Pimentel,ServiÃ§o PÃºblico,9
PSB,Setor Privado,10
PCdoB,SETOR PRIVADO,20
CIDADANIA,TelecomunicaÃ§Ã£o,30
PL,TELECOMUNICAÃ‡ÃƒO,21
PMDB,TELECOMUNICAÃ‡ÃƒO,20
PT,TELECOMUNICAÃ‡ÃƒO,19
PMN,TELECOMUNICAÃ‡ÃƒO,12
PSD,TELECOMUNICAÃ‡ÃƒO,12
DEM,TELECOMUNICAÃ‡ÃƒO,10
PCdoB,TELECOMUNICAÃ‡ÃƒO,10
PSDB,TELECOMUNICAÃ‡ÃƒO,10
PFL,TELECOMUNICAÃ‡ÃƒO,9
GOVERNADOR ITAMAR FRANCO,TELECOMUNICAÃ‡ÃƒO,8
PFL,TERRA PÃšBLICA,10
PPS,TRÃ‚NSITO,28
PSDB,TRÃ‚NSITO,28
PFL,TRÃ‚NSITO,16
PL,TRÃ‚NSITO,14
PMN,TRÃ‚NSITO,12
DEM,TRÃ‚NSITO,10
PV,TRÃ‚NSITO,10
PP,TRÃ‚NSITO,9
PDT,TRÃ‚NSITO,6
PMDB,TRÃ‚NSITO,6
PPB,TRÃ‚NSITO,6
PRN,TRÃ‚NSITO,6
PPS,TrÃ¢nsito,32
CIDADANIA,Trabalho Emprego e Renda,40
PT,Trabalho Emprego e Renda,33
NOVO,Trabalho Emprego e Renda,12
PODE,Trabalho Emprego e Renda,12
PSL,Trabalho Emprego e Renda,12
PCdoB,Trabalho Emprego e Renda,10
REDE,Trabalho Emprego e Renda,10
PDT,Trabalho Emprego e Renda,9
PEN,Trabalho Emprego e Renda,9
PR,Trabalho Emprego e Renda,6
PSDB,TRABALHO EMPREGO E RENDA,47
PT,TRABALHO EMPREGO E RENDA,43
PDT,TRABALHO EMPREGO E RENDA,19
DEM,TRABALHO EMPREGO E RENDA,10
COMISSÃƒO PARTICIPAÃ‡ÃƒO POPULAR,TRABALHO EMPREGO E RENDA,9
PEN,TRABALHO EMPREGO E RENDA,9
COMISSÃƒO ESPECIAL,TRABALHO EMPREGO E RENDA,7
PMDB,TRABALHO EMPREGO E RENDA,7
PFL,TRABALHO EMPREGO E RENDA,6
PPS,TRABALHO EMPREGO E RENDA,6
PDT,TRANSPORTE,75
PTB,TRANSPORTE,54
PSDB,TRANSPORTE,29
PSB,TRANSPORTE,24
PSC,TRANSPORTE,20
PL,TRANSPORTE,12
PMDB,TRANSPORTE,12
PTC,TRANSPORTE,11
GOVERNADOR EDUARDO AZEREDO,TRANSPORTE,6
PT,TRANSPORTE,6
PDT,Transporte Coletivo,26
PT,Transporte Coletivo,12
CIDADANIA,Transporte Coletivo,10
NOVO,Transporte Coletivo,10
PMDB,Transporte Coletivo,8
DEM,TRANSPORTE COLETIVO,20
PMDB,TRANSPORTE COLETIVO,14
PDT,TRANSPORTE COLETIVO,9
PT,TRANSPORTE COLETIVO,9
PFL,TRANSPORTE COLETIVO,6
PSB,TRANSPORTE COLETIVO,6
PSDB,TRANSPORTE COLETIVO,6
PPB,TRANSPORTE COLETIVO,5
PV,TRANSPORTE E TRÃ‚NSITO,20
PDT,TRANSPORTE E TRÃ‚NSITO,16
PSDB,TRANSPORTE E TRÃ‚NSITO,14
PL,TRANSPORTE E TRÃ‚NSITO,13
PMDB,TRANSPORTE E TRÃ‚NSITO,13
PTC,TRANSPORTE E TRÃ‚NSITO,11
DEM,TRANSPORTE E TRÃ‚NSITO,9
PSB,TRANSPORTE E TRÃ‚NSITO,9
PTB,TRANSPORTE E TRÃ‚NSITO,9
PSD,TRANSPORTE E TRÃ‚NSITO,8
GOVERNADOR HÃ‰LIO GARCIA,TRANSPORTE E TRÃ‚NSITO,7
PT,Transporte e TrÃ¢nsito,115
CIDADANIA,Transporte e TrÃ¢nsito,100
PPS,Transporte e TrÃ¢nsito,40
PDT,Transporte e TrÃ¢nsito,34
PSL,Transporte e TrÃ¢nsito,24
Governador Romeu Zema Neto,Transporte e TrÃ¢nsito,22
PODE,Transporte e TrÃ¢nsito,12
REPUBLICANOS,Transporte e TrÃ¢nsito,12
REDE,Transporte e TrÃ¢nsito,10
Governador Fernando Damata Pimentel,Transporte e TrÃ¢nsito,9
PSDB,Transporte e TrÃ¢nsito,9
DEM,Transporte e TrÃ¢nsito,6
TRIBUNAL DE JUSTIÃ‡A,TRIBUNAL DE ALÃ‡ADA DO ESTADO DE MINAS GERAIS (TAMG),6
Tribunal de Contas,Tribunal de Contas do Estado de Minas Gerais (TCEMG),10
TRIBUNAL DE CONTAS,TRIBUNAL DE CONTAS DO ESTADO DE MINAS GERAIS (TCEMG),37
Tribunal de JustiÃ§a,Tribunal de JustiÃ§a do Estado de Minas Gerais (TJMG),51
PTB,Tribunal de JustiÃ§a do Estado de Minas Gerais (TJMG),9
TRIBUNAL DE JUSTIÃ‡A,TRIBUNAL DE JUSTIÃ‡A DO ESTADO DE MINAS GERAIS (TJMG),104
GOVERNADOR ANTONIO AUGUSTO JUNHO ANASTASIA,TRIBUNAL DE JUSTIÃ‡A DO ESTADO DE MINAS GERAIS (TJMG),28
PFL,TRIBUNAL DE JUSTIÃ‡A DO ESTADO DE MINAS GERAIS (TJMG),9
PRN,TRIBUNAL DE JUSTIÃ‡A DO ESTADO DE MINAS GERAIS (TJMG),7
GOVERNADOR ANTONIO AUGUSTO JUNHO ANASTASIA,TRIBUNAL DE JUSTIÃ‡A MILITAR DO ESTADO DE MINAS GERAIS (TJMMG),28
TRIBUNAL DE JUSTIÃ‡A,TRIBUNAL DE JUSTIÃ‡A MILITAR DO ESTADO DE MINAS GERAIS (TJMMG),13
CIDADANIA,Tributo,30
PT,Tributo,28
PSL,Tributo,24
Governador Romeu Zema Neto,Tributo,20
AVANTE,Tributo,10
PROS,Tributo,10
PSB,Tributo,10
PSD,Tributo,10
REPUBLICANOS,Tributo,10
Governador Fernando Damata Pimentel,Tributo,6
PDT,Tributo,6
PP,Tributo,6
PSDB,Tributos,32
PDT,Tributos,16
Governador Fernando Damata Pimentel,Tributos,9
PRB,Tributos,9
PMDB,TRIBUTOS,92
PSDB,TRIBUTOS,86
GOVERNADOR EDUARDO AZEREDO,TRIBUTOS,58
PL,TRIBUTOS,35
PFL,TRIBUTOS,27
PDT,TRIBUTOS,15
GOVERNADOR ITAMAR FRANCO,TRIBUTOS,14
GOVERNADOR HÃ‰LIO GARCIA,TRIBUTOS,12
PMN,TRIBUTOS,12
PR,TRIBUTOS,11
PTB,TRIBUTOS,11
COMISSÃƒO PARLAMENTAR DE INQUÃ‰RITO,TRIBUTOS,10
GOVERNADOR ALBERTO PINTO COELHO JÃšNIOR,TRIBUTOS,9
GOVERNADOR ANTONIO AUGUSTO JUNHO ANASTASIA,TRIBUTOS,9
PEN,TRIBUTOS,9
PRB,TRIBUTOS,9
PT,Turismo,9
PSDB,TURISMO,14
"COMISSÃƒO EDUCAÃ‡ÃƒO, CULTURA, DESPORTO E TURISMO E LAZER",TURISMO,10
PDT,TURISMO,9
PSB,TURISMO,6
PFL,TURISMO,5
PL,TURISMO,5
PT,Universidade do Estado de Minas Gerais (UEMG),12
Governador Fernando Damata Pimentel,Universidade do Estado de Minas Gerais (UEMG),6
GOVERNADOR AÃ‰CIO NEVES,UNIVERSIDADE DO ESTADO DE MINAS GERAIS (UEMG),14
PSB,UNIVERSIDADE DO ESTADO DE MINAS GERAIS (UEMG),9
GOVERNADOR NEWTON CARDOSO,UNIVERSIDADE DO ESTADO DE MINAS GERAIS (UEMG),5
PT,Universidade Estadual de Montes Claros (UNIMONTES),12
DEM,UNIVERSIDADE ESTADUAL DE MONTES CLAROS (UNIMONTES),20
GOVERNADOR AÃ‰CIO NEVES,UNIVERSIDADE ESTADUAL DE MONTES CLAROS (UNIMONTES),14
PSB,UNIVERSIDADE ESTADUAL DE MONTES CLAROS (UNIMONTES),9
GOVERNADOR ITAMAR FRANCO,UNIVERSIDADE ESTADUAL DE MONTES CLAROS (UNIMONTES),6
PT,Utilidade PÃºblica,558
PSDB,Utilidade PÃºblica,340
PSD,Utilidade PÃºblica,238
PV,Utilidade PÃºblica,188
PSC,Utilidade PÃºblica,160
REPUBLICANOS,Utilidade PÃºblica,160
MDB,Utilidade PÃºblica,154
PMDB,Utilidade PÃºblica,109
PTC,Utilidade PÃºblica,96
PR,Utilidade PÃºblica,84
PTB,Utilidade PÃºblica,63
PSB,Utilidade PÃºblica,62
PPS,Utilidade PÃºblica,55
PDT,Utilidade PÃºblica,51
AVANTE,Utilidade PÃºblica,50
PSDB,UTILIDADE PÃšBLICA,2379
PT,UTILIDADE PÃšBLICA,2144
PMDB,UTILIDADE PÃšBLICA,1618
PDT,UTILIDADE PÃšBLICA,649
PFL,UTILIDADE PÃšBLICA,620
PTB,UTILIDADE PÃšBLICA,614
PSB,UTILIDADE PÃšBLICA,520
PL,UTILIDADE PÃšBLICA,454
DEM,UTILIDADE PÃšBLICA,441
PV,UTILIDADE PÃšBLICA,410
PSD,UTILIDADE PÃšBLICA,379
PPS,UTILIDADE PÃšBLICA,336
PSC,UTILIDADE PÃšBLICA,246
PP,UTILIDADE PÃšBLICA,232
PMN,UTILIDADE PÃšBLICA,190
PMDB,NA,71
GOVERNADOR NEWTON CARDOSO,NA,70
PT,NA,28
TRIBUNAL DE CONTAS,NA,17
PRTB,NA,10
PDC,NA,7
PDS,NA,7
PP,NA,7
PTR,NA,7
PL,NA,5
PRN,NA,5
PSDB,NA,5
